grid_id_consolidated,pub_id
grid.150338.c,6f1cfe54
grid.8142.f,6f1cfe54
grid.5805.8,6f1cfe54
grid.410567.1,6f1cfe54
grid.5645.2,6f1cfe54
grid.419522.9,e9913cdd
grid.1006.7,e9913cdd
grid.418140.8,e9913cdd
grid.26790.3a,e9913cdd
grid.5645.2,e9913cdd
grid.5801.c,e9913cdd
grid.411984.1,e9913cdd
grid.7450.6,766a6416
grid.7450.6,766a6416
grid.7450.6,766a6416
grid.411580.9,766a6416
NA,766a6416
not_in_grid,766a6416
grid.9647.c,766a6416
grid.9647.c,766a6416
grid.418434.e,766a6416
grid.6363.0,766a6416
grid.6936.a,766a6416
grid.8379.5,766a6416
grid.418140.8,f0b7bb94
grid.34477.33,f0b7bb94
grid.418159.0,f0b7bb94
grid.418140.8,f0b7bb94
grid.418159.0,f0b7bb94
grid.10423.34,e5507290
grid.10423.34,e5507290
grid.10423.34,e5507290
grid.46699.34,e5507290
grid.470125.5,e5507290
grid.6936.a,e5507290
grid.5252.0,e5507290
grid.7445.2,e5507290
grid.10423.34,e5507290
grid.418140.8,9493af4
grid.419522.9,9493af4
grid.412004.3,7828d84f
grid.412004.3,7828d84f
grid.7400.3,7828d84f
not_in_grid,7828d84f
grid.413354.4,7828d84f
grid.452288.1,7828d84f
grid.410567.1,7828d84f
grid.10423.34,7828d84f
grid.5253.1,7828d84f
grid.6936.a,7828d84f
NA,7828d84f
grid.37828.36,7828d84f
grid.452396.f,7828d84f
grid.477160.3,7828d84f
grid.13648.38,7828d84f
grid.418434.e,7828d84f
grid.6190.e,7828d84f
grid.11749.3a,7828d84f
grid.410718.b,7828d84f
grid.7450.6,7828d84f
grid.452396.f,7828d84f
grid.6582.9,7828d84f
grid.5807.a,7828d84f
grid.412469.c,7828d84f
grid.452396.f,7828d84f
grid.27860.3b,7828d84f
grid.266539.d,7828d84f
grid.4991.5,7828d84f
grid.46699.34,7828d84f
grid.4464.2,7828d84f
grid.8756.c,7828d84f
grid.410552.7,7828d84f
grid.1374.1,7828d84f
grid.11451.30,7828d84f
grid.412607.6,7828d84f
grid.13339.3b,7828d84f
grid.8142.f,7828d84f
grid.5361.1,7828d84f
grid.414295.f,7828d84f
grid.414295.f,7828d84f
grid.5132.5,7828d84f
grid.477500.1,7828d84f
grid.5802.f,8a31bfc6
grid.5802.f,8a31bfc6
grid.419522.9,8a31bfc6
grid.11749.3a,8a31bfc6
grid.7450.6,8a31bfc6
NA,8a31bfc6
grid.7450.6,8a31bfc6
grid.1005.4,8a31bfc6
grid.5333.6,a8c80bcf
NA,a8c80bcf
grid.418140.8,a8c80bcf
grid.9613.d,a8c80bcf
grid.5333.6,a8c80bcf
grid.418441.c,a8c80bcf
grid.4299.6,a8c80bcf
grid.7450.6,57c75363
NA,57c75363
grid.418140.8,57c75363
grid.411984.1,57c75363
NA,57c75363
NA,57c75363
grid.5252.0,a15c2eb0
grid.5252.0,a15c2eb0
grid.5252.0,106f581b
grid.5252.0,106f581b
grid.5252.0,106f581b
NA,106f581b
grid.5386.8,106f581b
grid.5252.0,106f581b
grid.5252.0,106f581b
not_in_grid,106f581b
grid.23856.3a,106f581b
grid.116068.8,106f581b
grid.413575.1,106f581b
grid.470125.5,106f581b
grid.424247.3,106f581b
grid.5949.1,106f581b
grid.4567.0,2e09714a
grid.452329.b,2e09714a
grid.5252.0,2e09714a
grid.5252.0,2e09714a
grid.4567.0,2e09714a
grid.7450.6,b806eee2
NA,b806eee2
grid.6190.e,b806eee2
not_in_grid,b806eee2
not_in_grid,b806eee2
grid.418140.8,ac63e7a0
grid.7450.6,ac63e7a0
grid.419522.9,33ad54c6
grid.7450.6,33ad54c6
grid.419522.9,33ad54c6
grid.4305.2,33ad54c6
grid.4305.2,33ad54c6
grid.4305.2,33ad54c6
grid.4305.2,33ad54c6
grid.421368.a,33ad54c6
grid.8591.5,33ad54c6
grid.150338.c,33ad54c6
grid.7450.6,33ad54c6
NA,33ad54c6
grid.7450.6,e1b84ecd
grid.424247.3,e1b84ecd
grid.418928.e,e1b84ecd
grid.424247.3,e1b84ecd
grid.15276.37,e1b84ecd
grid.419522.9,2eee19db
grid.4495.c,100a17f5
grid.4830.f,100a17f5
grid.411984.1,93a8b878
grid.411984.1,93a8b878
grid.411984.1,93a8b878
grid.189504.1,93a8b878
not_in_grid,93a8b878
grid.7700.0,56ddb585
grid.7497.d,56ddb585
grid.422132.4,56ddb585
grid.418140.8,56ddb585
grid.5252.0,2da4b75e
grid.7450.6,7516a2b1
grid.418140.8,7516a2b1
grid.418140.8,7516a2b1
grid.5570.7,7516a2b1
grid.7450.6,7516a2b1
grid.7450.6,7516a2b1
grid.214572.7,2adba91a
grid.19006.3e,2adba91a
grid.19006.3e,2adba91a
grid.27860.3b,2adba91a
grid.419522.9,2adba91a
grid.418140.8,84ec5a5c
grid.7450.6,84ec5a5c
grid.18919.38,84ec5a5c
grid.32495.39,84ec5a5c
grid.418140.8,84ec5a5c
grid.418140.8,84ec5a5c
grid.7450.6,84ec5a5c
grid.410427.4,bc3b24bc
grid.410427.4,bc3b24bc
grid.413830.d,bc3b24bc
grid.419522.9,bc3b24bc
grid.419522.9,2bf80772
grid.7450.6,2bf80772
grid.424247.3,2bf80772
grid.6363.0,2bf80772
grid.5645.2,2bf80772
grid.7450.6,2bf80772
grid.7450.6,45de41a7
grid.7450.6,45de41a7
grid.7450.6,45de41a7
grid.5963.9,45de41a7
grid.5963.9,45de41a7
grid.5963.9,45de41a7
grid.5963.9,45de41a7
grid.5570.7,45de41a7
grid.418140.8,45de41a7
grid.418140.8,45de41a7
grid.418140.8,2b152d03
grid.418140.8,2b152d03
grid.5590.9,2b152d03
grid.9851.5,2b152d03
grid.418140.8,2b152d03
grid.7450.6,2b152d03
grid.4991.5,2b152d03
grid.411984.1,5a203fc4
grid.411984.1,5a203fc4
grid.418140.8,5a203fc4
grid.10992.33,5a203fc4
grid.410443.6,5a203fc4
grid.22448.38,5a203fc4
grid.419514.c,5a203fc4
grid.5386.8,5a203fc4
grid.452396.f,5a203fc4
grid.7839.5,5641616
grid.418140.8,5641616
grid.14095.39,5641616
grid.8404.8,5641616
grid.8404.8,5641616
not_in_grid,5641616
grid.6936.a,5641616
grid.7450.6,1790bd1e
grid.418140.8,1790bd1e
grid.5963.9,1790bd1e
grid.5963.9,1790bd1e
grid.418140.8,4a04b691
not_in_grid,4a04b691
grid.4714.6,4a04b691
grid.7450.6,4a04b691
grid.5963.9,2e0d16
grid.5963.9,2e0d16
grid.7841.a,2e0d16
NA,2e0d16
grid.17063.33,2e0d16
grid.17063.33,2e0d16
NA,2e0d16
grid.266100.3,2e0d16
grid.266100.3,2e0d16
grid.266100.3,2e0d16
grid.7450.6,2e0d16
grid.34477.33,2e0d16
NA,2e0d16
grid.470125.5,2e0d16
grid.418140.8,2e0d16
grid.11135.37,2e0d16
grid.8379.5,2e0d16
grid.266683.f,2e0d16
grid.49100.3c,2e0d16
grid.7839.5,2e0d16
grid.7839.5,2e0d16
grid.411023.5,2e0d16
grid.474906.8,2e0d16
grid.19006.3e,2e0d16
grid.4830.f,2e0d16
grid.266102.1,2e0d16
grid.266102.1,2e0d16
grid.7384.8,2e0d16
not_in_grid,2e0d16
grid.418615.f,2e0d16
grid.27860.3b,2e0d16
grid.461801.a,44fd4100
not_in_grid,44fd4100
grid.434675.7,44fd4100
grid.258799.8,44fd4100
grid.17635.36,b0cb1417
grid.411984.1,459c352f
NA,459c352f
grid.7450.6,459c352f
grid.6582.9,459c352f
grid.5252.0,743b20f7
grid.418140.8,743b20f7
NA,743b20f7
grid.411095.8,743b20f7
grid.4488.0,743b20f7
grid.417834.d,743b20f7
grid.5252.0,743b20f7
grid.424247.3,743b20f7
grid.411984.1,743b20f7
grid.419548.5,743b20f7
grid.418140.8,743b20f7
grid.470125.5,743b20f7
grid.419522.9,1424e263
grid.46699.34,8bb911c1
grid.13648.38,8bb911c1
grid.46699.34,8bb911c1
grid.7450.6,8bb911c1
grid.418140.8,70defa38
grid.418140.8,70defa38
grid.5252.0,83ea18e1
grid.5252.0,83ea18e1
grid.4495.c,824072b
grid.4830.f,824072b
not_in_grid,a678353f
grid.413575.1,a678353f
grid.418140.8,a678353f
grid.10392.39,a678353f
grid.5252.0,a678353f
grid.261284.b,a678353f
grid.25879.31,a678353f
grid.144532.5,a678353f
grid.5252.0,147a6228
grid.5252.0,147a6228
grid.418140.8,d351820b
grid.419522.9,9d61e41b
grid.411984.1,9d61e41b
NA,9d61e41b
grid.424247.3,9d61e41b
grid.411760.5,9d61e41b
grid.419522.9,9d61e41b
grid.411984.1,9d61e41b
grid.411984.1,9d61e41b
grid.428937.3,9d61e41b
NA,9d61e41b
grid.10423.34,9d61e41b
grid.419522.9,9d61e41b
grid.414603.4,9d61e41b
grid.418140.8,365d54f9
grid.8385.6,365d54f9
grid.411327.2,365d54f9
NA,365d54f9
grid.418140.8,365d54f9
grid.7450.6,365d54f9
grid.418140.8,365d54f9
grid.5252.0,c48b2987
grid.5252.0,c48b2987
grid.411984.1,148bb96b
NA,148bb96b
grid.418140.8,58dd50c7
grid.418140.8,58dd50c7
grid.7450.6,58dd50c7
grid.418140.8,58dd50c7
grid.7450.6,58dd50c7
NA,58dd50c7
grid.7450.6,f424decb
grid.418227.a,f424decb
grid.418140.8,f3f02a5b
grid.7450.6,5018e63a
grid.434729.f,5018e63a
grid.5801.c,5018e63a
grid.4305.2,27c0ae20
grid.419522.9,27c0ae20
grid.25697.3f,27c0ae20
grid.419522.9,413e7381
grid.424247.3,d21c87a
grid.418140.8,d21c87a
grid.438114.b,d21c87a
grid.424247.3,d21c87a
grid.464710.0,a08890
grid.224260.0,a08890
grid.419522.9,a08890
grid.418140.8,fee3f838
grid.4991.5,fee3f838
grid.5252.0,af3dd999
grid.5252.0,af3dd999
grid.10814.3c,667bfe48
grid.418832.4,667bfe48
not_in_grid,667bfe48
grid.7722.0,667bfe48
grid.418140.8,667bfe48
grid.7450.6,1fc02f13
grid.5963.9,1fc02f13
grid.14709.3b,1fc02f13
grid.14709.3b,1fc02f13
grid.418140.8,1fc02f13
grid.5361.1,916bdb58
grid.5361.1,916bdb58
grid.7450.6,916bdb58
grid.6936.a,916bdb58
grid.5252.0,916bdb58
not_in_grid,916bdb58
grid.411327.2,916bdb58
grid.419829.f,916bdb58
grid.22937.3d,916bdb58
grid.419801.5,916bdb58
grid.418140.8,8187a9fb
grid.5252.0,8187a9fb
grid.5252.0,8187a9fb
grid.418615.f,8187a9fb
grid.143640.4,8187a9fb
grid.266100.3,8187a9fb
grid.5252.0,976e3636
grid.5252.0,976e3636
grid.12380.38,2633b5ff
grid.12380.38,2633b5ff
grid.8664.c,2633b5ff
grid.418140.8,2633b5ff
grid.419491.0,c64445c9
grid.5252.0,c64445c9
grid.4991.5,c64445c9
not_in_grid,c64445c9
grid.424247.3,c64445c9
grid.419522.9,c64445c9
grid.9764.c,c64445c9
grid.5252.0,c64445c9
grid.6363.0,c64445c9
NA,fc198795
grid.418140.8,fc198795
grid.428999.7,fc198795
grid.4991.5,fc198795
NA,f4b32b64
grid.7450.6,f4b32b64
grid.268433.8,f4b32b64
grid.55460.32,f4b32b64
grid.461771.2,f4b32b64
grid.418140.8,f4b32b64
grid.5330.5,f4b32b64
grid.419522.9,d2f6b10c
grid.5805.8,d2f6b10c
grid.7450.6,d2f6b10c
NA,18c741c
grid.5326.2,18c741c
NA,18c741c
grid.4708.b,18c741c
grid.7450.6,18c741c
grid.266100.3,18c741c
grid.411984.1,e55c225b
grid.4488.0,e55c225b
grid.424247.3,e55c225b
grid.419522.9,749f97ac
grid.168010.e,749f97ac
grid.168010.e,749f97ac
grid.6363.0,749f97ac
grid.6363.0,749f97ac
grid.418140.8,efee3646
grid.418140.8,efee3646
grid.5335.0,efee3646
grid.5335.0,efee3646
NA,efee3646
grid.418140.8,7d9e09a
grid.418140.8,7d9e09a
grid.4305.2,7d9e09a
NA,7d9e09a
grid.8379.5,7d9e09a
grid.15078.3b,7d9e09a
not_in_grid,b1eae1a8
grid.7450.6,df598f8d
grid.7450.6,df598f8d
NA,df598f8d
grid.7450.6,3b1442ba
not_in_grid,ffa662e4
grid.5252.0,ffa662e4
grid.5252.0,ffa662e4
grid.5252.0,ffa662e4
grid.7450.6,f2a07223
grid.7450.6,f2a07223
grid.7450.6,f2a07223
grid.419514.c,f2a07223
grid.7450.6,f2a07223
grid.418140.8,6d771eec
not_in_grid,84be8f36
grid.4494.d,4722786f
NA,4722786f
grid.452410.6,4722786f
grid.452410.6,4722786f
grid.4494.d,4722786f
grid.13648.38,4722786f
grid.13648.38,4722786f
grid.13648.38,4722786f
grid.13648.38,4722786f
grid.13648.38,4722786f
grid.1957.a,4722786f
grid.461801.a,4722786f
grid.258676.8,4722786f
grid.10423.34,4722786f
NA,4722786f
grid.418140.8,8e4babdc
NA,8e4babdc
not_in_grid,8e4babdc
grid.418928.e,8e4babdc
grid.419547.a,8e4babdc
grid.7450.6,1a0ff268
grid.21940.3e,1a0ff268
grid.12380.38,1a0ff268
grid.411984.1,2b3871c6
grid.411984.1,2b3871c6
grid.7177.6,2b3871c6
grid.418140.8,2b3871c6
grid.411984.1,c48e41a4
grid.411984.1,c48e41a4
grid.9026.d,c48e41a4
grid.5949.1,c48e41a4
grid.419522.9,c48e41a4
grid.411984.1,c48e41a4
grid.418140.8,c48e41a4
grid.169077.e,c48e41a4
grid.418140.8,c48e41a4
grid.411984.1,c48e41a4
grid.5252.0,f783c0b3
grid.5252.0,f783c0b3
grid.411984.1,a23d24dd
grid.411984.1,a23d24dd
NA,a23d24dd
grid.412301.5,a23d24dd
grid.418140.8,c7cf09d3
grid.418140.8,fb6d92ad
grid.7450.6,fb6d92ad
grid.4991.5,fb6d92ad
grid.7450.6,b79df8dd
grid.7450.6,b79df8dd
grid.419522.9,360e0f3
grid.12136.37,360e0f3
grid.418140.8,360e0f3
grid.255178.c,360e0f3
grid.7450.6,360e0f3
grid.12136.37,360e0f3
grid.418140.8,40372f3c
grid.7450.6,40372f3c
NA,40372f3c
grid.7450.6,36df2f5d
grid.5361.1,36df2f5d
grid.411327.2,36df2f5d
grid.22937.3d,36df2f5d
not_in_grid,36df2f5d
grid.5361.1,36df2f5d
grid.5253.1,33d67258
grid.11749.3a,33d67258
grid.10423.34,33d67258
grid.7450.6,33d67258
NA,33d67258
grid.7450.6,33d67258
grid.416312.3,33d67258
grid.11749.3a,33d67258
grid.11749.3a,33d67258
grid.13648.38,33d67258
grid.13648.38,33d67258
grid.7450.6,33d67258
grid.7450.6,714ff6d5
NA,714ff6d5
NA,714ff6d5
grid.418140.8,714ff6d5
grid.421962.a,714ff6d5
grid.10388.32,714ff6d5
grid.7450.6,742ba132
grid.7450.6,742ba132
grid.7450.6,742ba132
grid.418457.b,742ba132
grid.10423.34,742ba132
NA,742ba132
grid.411984.1,5792380e
grid.411984.1,5792380e
grid.411984.1,5792380e
grid.411984.1,5792380e
grid.411984.1,6c3a9f45
NA,6c3a9f45
grid.7683.a,5f21de7f
grid.9026.d,5f21de7f
grid.9026.d,5f21de7f
grid.434729.f,5f21de7f
grid.7700.0,5f21de7f
grid.7892.4,5f21de7f
grid.445003.6,5f21de7f
grid.47840.3f,5f21de7f
grid.7450.6,5f21de7f
NA,5f21de7f
grid.411984.1,7f9050c4
NA,7f9050c4
grid.419522.9,e5a48728
NA,e5a48728
grid.418215.b,e5a48728
grid.419522.9,e5a48728
grid.428999.7,e5a48728
grid.464059.a,e5a48728
grid.411984.1,bb4383b7
grid.411984.1,bb4383b7
grid.411984.1,bb4383b7
grid.7450.6,bb4383b7
grid.454401.0,bb4383b7
grid.418723.b,bb4383b7
grid.7450.6,bb4383b7
grid.11843.3f,1baa43e8
grid.418140.8,1baa43e8
grid.418140.8,a56a05d2
NA,a56a05d2
grid.5718.b,792099be
grid.7450.6,792099be
NA,792099be
grid.419522.9,d238aa46
grid.5802.f,d238aa46
grid.7450.6,d238aa46
grid.5802.f,d238aa46
grid.411789.2,d238aa46
grid.8756.c,d238aa46
grid.411984.1,f8e11405
grid.8756.c,37e0f59c
grid.418140.8,37e0f59c
NA,37e0f59c
grid.214458.e,37e0f59c
grid.7700.0,37e0f59c
grid.1042.7,37e0f59c
grid.411784.f,37e0f59c
grid.4991.5,37e0f59c
grid.5801.c,cbdeecbf
grid.5252.0,cbdeecbf
grid.5252.0,cbdeecbf
grid.7400.3,cbdeecbf
grid.411984.1,d887b5e9
grid.418140.8,d887b5e9
grid.5252.0,1307561d
grid.6582.9,1307561d
grid.5252.0,1307561d
grid.5252.0,1307561d
grid.418140.8,b559eb08
grid.7429.8,4affdf1f
grid.5842.b,4affdf1f
grid.7450.6,4affdf1f
NA,4affdf1f
grid.7450.6,4affdf1f
grid.13648.38,4affdf1f
NA,4affdf1f
not_in_grid,4affdf1f
grid.14848.31,4affdf1f
grid.5718.b,4affdf1f
grid.7700.0,4affdf1f
grid.17635.36,d4113651
grid.411984.1,d4113651
NA,d4113651
grid.7450.6,236a79d0
grid.7450.6,236a79d0
grid.7450.6,236a79d0
grid.7450.6,236a79d0
grid.7450.6,236a79d0
grid.7450.6,236a79d0
grid.418140.8,422ae344
grid.7450.6,422ae344
grid.11843.3f,422ae344
grid.4444.0,422ae344
grid.5963.9,422ae344
grid.419495.4,422ae344
grid.4305.2,422ae344
grid.11480.3c,422ae344
grid.4711.3,422ae344
grid.7700.0,5d89110a
grid.411984.1,5d89110a
grid.418140.8,5d89110a
grid.5252.0,303f2d0f
grid.268433.8,abdf519d
grid.412287.a,abdf519d
grid.55460.32,abdf519d
grid.424247.3,3bc3a87a
grid.418928.e,3bc3a87a
grid.5252.0,3bc3a87a
grid.5252.0,3bc3a87a
grid.7450.6,3bc3a87a
grid.5252.0,3bc3a87a
grid.5252.0,3bc3a87a
grid.411984.1,bb39cc79
NA,bb39cc79
grid.7450.6,bb39cc79
grid.4367.6,bb39cc79
grid.419514.c,bb39cc79
grid.7450.6,bb39cc79
NA,bb39cc79
grid.7450.6,bb39cc79
grid.418140.8,6aa787af
grid.424247.3,6aa787af
grid.411984.1,6aa787af
grid.418140.8,6aa787af
grid.418140.8,6aa787af
grid.418140.8,6aa787af
grid.470125.5,6aa787af
grid.7450.6,6aa787af
grid.17091.3e,94980c9d
grid.17091.3e,94980c9d
grid.17091.3e,94980c9d
grid.419522.9,94980c9d
NA,94980c9d
grid.411984.1,8a9170b6
grid.411984.1,8a9170b6
grid.411984.1,8a9170b6
grid.7450.6,8a9170b6
grid.7450.6,8a9170b6
grid.419522.9,4c152626
grid.7450.6,4c152626
grid.418140.8,dfcc45ed
grid.418140.8,dfcc45ed
grid.4444.0,8f0fee7b
grid.10267.32,8f0fee7b
grid.10267.32,8f0fee7b
grid.5252.0,8f0fee7b
grid.5252.0,8f0fee7b
grid.14095.39,43b9c128
grid.6363.0,43b9c128
grid.6363.0,43b9c128
grid.419522.9,43b9c128
grid.418723.b,43b9c128
NA,43b9c128
grid.5570.7,43b9c128
grid.418140.8,43b9c128
grid.419538.2,43b9c128
grid.470125.5,43b9c128
grid.7450.6,43b9c128
NA,dbcfcd8e
grid.7450.6,dbcfcd8e
grid.419522.9,6fb815b
grid.418140.8,6fb815b
grid.411984.1,6fb815b
grid.7700.0,6fb815b
grid.418140.8,2000eaa0
grid.5337.2,2000eaa0
grid.5337.2,2000eaa0
grid.4991.5,2000eaa0
grid.5718.b,f3b18d74
grid.7450.6,f3b18d74
grid.13648.38,f3b18d74
grid.5718.b,f3b18d74
NA,f3b18d74
grid.9613.d,f3b18d74
grid.7450.6,37f05989
grid.38142.3c,37f05989
grid.38142.3c,37f05989
grid.16753.36,37f05989
grid.6612.3,37f05989
grid.7497.d,37f05989
grid.5802.f,51d4842a
grid.7450.6,51d4842a
grid.7159.a,51d4842a
grid.13339.3b,51d4842a
NA,f80677d2
grid.418140.8,c22a8d43
grid.7450.6,c22a8d43
grid.418140.8,c22a8d43
grid.5252.0,f2e3d0c
grid.21107.35,1841b1aa
grid.21107.35,1841b1aa
grid.413575.1,1841b1aa
grid.25879.31,1841b1aa
grid.419522.9,1841b1aa
grid.419522.9,1841b1aa
grid.240023.7,1841b1aa
grid.418140.8,b8af3c77
grid.5590.9,b8af3c77
grid.411984.1,6487563c
grid.418140.8,6487563c
grid.7450.6,f51c4dc0
grid.7450.6,f51c4dc0
grid.14003.36,f51c4dc0
grid.14003.36,f51c4dc0
grid.37172.30,f51c4dc0
grid.4991.5,e057ee48
grid.4991.5,e057ee48
not_in_grid,e057ee48
grid.419522.9,e057ee48
grid.4991.5,e057ee48
grid.4991.5,e057ee48
grid.411984.1,96328282
grid.418140.8,a0d6f0aa
grid.5333.6,a0d6f0aa
grid.418140.8,c38784a0
grid.418928.e,c38784a0
NA,c38784a0
NA,c38784a0
grid.9613.d,c38784a0
grid.419522.9,6e4ac6a9
grid.18887.3e,6e4ac6a9
grid.18887.3e,6e4ac6a9
grid.424247.3,6e4ac6a9
grid.5252.0,6e4ac6a9
grid.7450.6,a07a7634
grid.7450.6,a07a7634
grid.419522.9,796a3fb7
grid.411984.1,796a3fb7
grid.411984.1,796a3fb7
grid.411984.1,796a3fb7
grid.5802.f,796a3fb7
grid.411984.1,72b3a6aa
grid.419522.9,72b3a6aa
grid.411984.1,72b3a6aa
not_in_grid,72b3a6aa
grid.6582.9,72b3a6aa
grid.411984.1,72b3a6aa
NA,72b3a6aa
grid.12136.37,7c3e680a
grid.12136.37,7c3e680a
grid.419522.9,7c3e680a
grid.7177.6,cc66e746
grid.7450.6,cc66e746
grid.418140.8,fddc245f
grid.7450.6,fddc245f
grid.4830.f,fddc245f
grid.7450.6,95038f62
grid.7450.6,95038f62
grid.46699.34,95038f62
grid.411984.1,7c024233
grid.411984.1,7c024233
grid.411984.1,7c024233
grid.411984.1,7c024233
NA,7c024233
grid.7450.6,7c024233
grid.7450.6,7c024233
NA,7c024233
grid.10814.3c,3585ab55
grid.10814.3c,3585ab55
not_in_grid,3585ab55
grid.418832.4,3585ab55
grid.418140.8,3585ab55
grid.424247.3,3585ab55
grid.470125.5,3585ab55
grid.10814.3c,3585ab55
grid.7700.0,8b816fbf
NA,8b816fbf
grid.5949.1,8b816fbf
grid.5603.0,8b816fbf
grid.11749.3a,8b816fbf
grid.5253.1,8b816fbf
grid.412469.c,8b816fbf
grid.412469.c,8b816fbf
grid.412469.c,8b816fbf
grid.411067.5,8b816fbf
grid.412581.b,8b816fbf
grid.6363.0,8b816fbf
grid.6363.0,8b816fbf
grid.8379.5,8b816fbf
grid.8379.5,8b816fbf
grid.5805.8,8b816fbf
grid.9764.c,8b816fbf
grid.4567.0,8b816fbf
grid.5252.0,8b816fbf
grid.32224.35,8b816fbf
grid.279885.9,8b816fbf
grid.189504.1,8b816fbf
grid.4567.0,8b816fbf
grid.5252.0,8b816fbf
grid.9764.c,8b816fbf
grid.7497.d,8b816fbf
NA,8b816fbf
grid.9764.c,8b816fbf
grid.7450.6,8b816fbf
grid.6936.a,8b816fbf
grid.4567.0,8b816fbf
grid.419491.0,8b816fbf
grid.452396.f,8b816fbf
grid.419425.f,8b816fbf
grid.6582.9,8b816fbf
grid.7450.6,b318a5d2
not_in_grid,b318a5d2
grid.414472.0,b318a5d2
grid.434251.5,b318a5d2
grid.5395.a,b318a5d2
grid.11899.38,b318a5d2
grid.414148.c,b318a5d2
grid.7450.6,405f6d4f
grid.418140.8,405f6d4f
grid.9681.6,405f6d4f
grid.9681.6,405f6d4f
grid.418140.8,455bc875
grid.4861.b,44b60e50
grid.411374.4,44b60e50
grid.4714.6,44b60e50
grid.7450.6,44b60e50
grid.7450.6,44b60e50
grid.4989.c,44b60e50
grid.7722.0,44b60e50
grid.5841.8,44b60e50
grid.8993.b,44b60e50
grid.214572.7,44b60e50
grid.411374.4,44b60e50
grid.419522.9,69848a00
grid.419522.9,69848a00
NA,69848a00
grid.418140.8,69848a00
grid.455091.c,69848a00
grid.152326.1,69848a00
grid.6734.6,91348410
grid.12380.38,91348410
grid.7450.6,91348410
not_in_grid,d35f0b97
grid.5170.3,d35f0b97
grid.255986.5,d35f0b97
grid.5333.6,d35f0b97
grid.5685.e,d35f0b97
grid.15276.37,d35f0b97
not_in_grid,d35f0b97
grid.418140.8,d35f0b97
grid.116068.8,d35f0b97
grid.116068.8,d35f0b97
grid.264756.4,d35f0b97
NA,d35f0b97
grid.8404.8,d35f0b97
grid.8404.8,d35f0b97
grid.7839.5,d35f0b97
grid.5590.9,d35f0b97
grid.13992.30,d35f0b97
grid.10419.3d,d35f0b97
grid.420089.7,21b0ea00
grid.4711.3,21b0ea00
grid.8348.7,21b0ea00
grid.431093.c,21b0ea00
grid.266093.8,21b0ea00
grid.419522.9,21b0ea00
grid.16416.34,21b0ea00
grid.436943.f,21b0ea00
grid.250671.7,21b0ea00
grid.419396.0,21b0ea00
grid.418140.8,72173339
grid.5842.b,72173339
grid.6390.c,72173339
grid.4444.0,72173339
grid.5842.b,72173339
grid.5252.0,e9d69dcb
grid.262671.6,e9d69dcb
grid.7450.6,7b912221
grid.418140.8,7b912221
grid.7700.0,7b912221
grid.4305.2,7b912221
grid.7450.6,7b912221
grid.7450.6,7c44d9be
grid.5284.b,7c44d9be
grid.214572.7,7c44d9be
grid.214572.7,7c44d9be
grid.214572.7,7c44d9be
grid.411230.5,7c44d9be
grid.440801.9,7c44d9be
grid.5590.9,7c44d9be
grid.5590.9,7c44d9be
grid.5590.9,7c44d9be
grid.5590.9,7c44d9be
grid.5342.0,7c44d9be
grid.418140.8,69445bdc
not_in_grid,69445bdc
grid.411984.1,c9e20164
grid.7737.4,c9e20164
grid.7737.4,c9e20164
not_in_grid,c9e20164
grid.5570.7,c9e20164
grid.1957.a,c9e20164
grid.7450.6,e27dd11b
grid.4562.5,e27dd11b
grid.418140.8,768f13b7
NA,768f13b7
grid.9764.c,bb208d49
grid.7450.6,bb208d49
grid.181790.6,bb208d49
grid.7683.a,bb208d49
grid.24999.3f,bb208d49
grid.7450.6,b69b6fcb
grid.419538.2,b69b6fcb
grid.414033.1,b69b6fcb
grid.440206.4,b69b6fcb
grid.1013.3,b69b6fcb
grid.1013.3,b69b6fcb
grid.1013.3,b69b6fcb
grid.410528.a,b69b6fcb
grid.414054.0,b69b6fcb
grid.411580.9,b69b6fcb
grid.419538.2,b69b6fcb
grid.9619.7,b69b6fcb
grid.6190.e,b69b6fcb
grid.6190.e,b69b6fcb
grid.419352.8,b69b6fcb
grid.420089.7,b69b6fcb
grid.418140.8,d379bb19
grid.6546.1,d379bb19
grid.5842.b,d379bb19
grid.147455.6,d379bb19
grid.10894.34,d379bb19
grid.7892.4,d379bb19
NA,d379bb19
grid.6312.6,d379bb19
grid.418140.8,216b5b6
grid.418140.8,216b5b6
grid.424247.3,216b5b6
grid.470125.5,216b5b6
grid.419522.9,17d1120a
grid.419522.9,17d1120a
grid.411984.1,a5090361
NA,a5090361
grid.14095.39,a0ab6819
grid.6734.6,a0ab6819
grid.418140.8,a0ab6819
NA,7dcc2439
grid.411984.1,7dcc2439
grid.461771.2,a3e24b2c
grid.7450.6,a3e24b2c
grid.418140.8,a3e24b2c
grid.418140.8,a3e24b2c
grid.418140.8,d445a8e1
grid.15447.33,d445a8e1
grid.17091.3e,bcb72924
grid.17091.3e,bcb72924
grid.17091.3e,bcb72924
grid.419522.9,bcb72924
grid.214458.e,bcb72924
grid.214458.e,bcb72924
grid.7450.6,ea0b3056
grid.7450.6,ea0b3056
grid.261331.4,ea0b3056
grid.418227.a,ea0b3056
grid.7450.6,49c483f8
grid.7450.6,49c483f8
grid.7450.6,49c483f8
grid.419522.9,45002ffc
grid.7450.6,45002ffc
grid.7450.6,45002ffc
grid.419522.9,45002ffc
grid.10388.32,45002ffc
grid.7450.6,ef807e5e
grid.5718.b,efe56da4
grid.7450.6,efe56da4
grid.13339.3b,efe56da4
grid.6363.0,efe56da4
NA,efe56da4
grid.418140.8,dc0fae1f
grid.7450.6,dc0fae1f
grid.5252.0,3b125c9c
grid.7450.6,d8597921
grid.416214.4,32147906
grid.411984.1,32147906
grid.416975.8,32147906
grid.39382.33,32147906
grid.270240.3,32147906
grid.416214.4,32147906
grid.214572.7,32147906
grid.416214.4,32147906
grid.34477.33,32147906
grid.25879.31,32147906
grid.416214.4,32147906
grid.39382.33,32147906
grid.7450.6,32147906
grid.39382.33,32147906
grid.39382.33,32147906
grid.39382.33,32147906
grid.39382.33,32147906
grid.39382.33,32147906
grid.189967.8,32147906
grid.34477.33,32147906
grid.214572.7,32147906
grid.214572.7,32147906
grid.471410.7,32147906
grid.411984.1,a33650c6
grid.418928.e,a33650c6
grid.418140.8,a33650c6
grid.7450.6,a33650c6
grid.470125.5,a33650c6
grid.418140.8,4103edad
grid.4991.5,4103edad
grid.7450.6,186176be
grid.7450.6,186176be
grid.9647.c,186176be
grid.411580.9,186176be
NA,186176be
grid.6936.a,186176be
grid.6363.0,186176be
grid.6363.0,186176be
grid.7450.6,186176be
grid.8379.5,186176be
grid.253606.4,186176be
grid.253606.4,186176be
grid.4444.0,7f23631f
not_in_grid,7f23631f
grid.418140.8,4bfd67e1
grid.47100.32,4bfd67e1
grid.418140.8,3ef1c05b
grid.28665.3f,85ca0f21
grid.260770.4,85ca0f21
grid.260770.4,85ca0f21
grid.5801.c,85ca0f21
grid.5252.0,85ca0f21
grid.5252.0,85ca0f21
grid.7400.3,85ca0f21
grid.6582.9,98b170d6
grid.6190.e,98b170d6
grid.19006.3e,98b170d6
grid.418539.2,98b170d6
grid.411984.1,98b170d6
grid.19006.3e,98b170d6
grid.6190.e,98b170d6
grid.6190.e,98b170d6
grid.12082.39,98b170d6
grid.6190.e,98b170d6
grid.6190.e,98b170d6
grid.7450.6,98b170d6
grid.19006.3e,98b170d6
grid.19006.3e,98b170d6
grid.19006.3e,98b170d6
grid.14003.36,14c286fe
grid.14003.36,14c286fe
grid.418928.e,14c286fe
grid.7497.d,14c286fe
grid.7700.0,14c286fe
grid.418140.8,14c286fe
grid.7450.6,19d6f334
grid.7450.6,19d6f334
grid.7450.6,19d6f334
grid.5252.0,ae1daabc
grid.13992.30,f4c812a0
grid.419522.9,f4c812a0
grid.419522.9,f4c812a0
grid.267500.6,f4c812a0
grid.137628.9,f4c812a0
grid.418140.8,1a78e127
grid.418140.8,1a78e127
grid.7450.6,1a78e127
grid.7450.6,1a78e127
grid.418140.8,1a78e127
NA,1a78e127
grid.4991.5,1a78e127
grid.5590.9,1a78e127
grid.4711.3,5ba5dbf4
NA,5ba5dbf4
grid.11794.3a,5ba5dbf4
grid.7450.6,5ba5dbf4
NA,5ba5dbf4
grid.429003.c,5ba5dbf4
grid.84393.35,5ba5dbf4
grid.411068.a,5ba5dbf4
grid.5338.d,5ba5dbf4
grid.419522.9,d8aa404e
grid.9647.c,d8aa404e
grid.418140.8,5fd1412c
grid.5252.0,5fd1412c
grid.5252.0,5fd1412c
grid.411984.1,681c3a77
grid.424247.3,681c3a77
grid.418140.8,f5abc6c3
grid.411984.1,f5abc6c3
NA,f5abc6c3
grid.7450.6,a3ab8155
grid.7450.6,a3ab8155
not_in_grid,a3ab8155
grid.5522.0,a3ab8155
grid.418140.8,810cdc46
grid.7450.6,810cdc46
grid.419517.f,810cdc46
grid.25073.33,c7f810c0
grid.434715.0,c7f810c0
grid.7450.6,c7f810c0
grid.135519.a,c7f810c0
grid.459406.a,c7f810c0
grid.9026.d,4c14752a
grid.5734.5,4c14752a
grid.5963.9,4c14752a
grid.419522.9,4c14752a
grid.12641.30,4c14752a
grid.7450.6,bdac642b
grid.7450.6,bdac642b
grid.7450.6,bdac642b
grid.418140.8,3e1e9ffb
grid.419502.b,5e2baaad
grid.419502.b,5e2baaad
grid.419502.b,5e2baaad
grid.419494.5,5e2baaad
grid.418140.8,5e2baaad
grid.7644.1,5e2baaad
grid.411261.1,5e2baaad
grid.8761.8,5e2baaad
grid.7450.6,5e2baaad
grid.4714.6,5e2baaad
not_in_grid,d6fa18ea
grid.418140.8,8f3dcdd2
grid.4991.5,8f3dcdd2
grid.4991.5,8f3dcdd2
grid.4991.5,8f3dcdd2
grid.10825.3e,8f3dcdd2
grid.410711.2,8f3dcdd2
grid.410711.2,8f3dcdd2
grid.410711.2,8f3dcdd2
grid.7450.6,d726a248
grid.7450.6,d726a248
grid.7450.6,d726a248
grid.412469.c,d726a248
grid.431919.7,d726a248
grid.10423.34,d726a248
grid.7450.6,a3d89014
grid.6363.0,e1216f62
grid.6363.0,e1216f62
grid.6363.0,e1216f62
grid.8241.f,e1216f62
grid.8241.f,e1216f62
grid.418140.8,e1216f62
grid.7468.d,e1216f62
grid.7450.6,1c02c6c9
grid.254748.8,1c02c6c9
grid.254748.8,1c02c6c9
grid.7450.6,1c02c6c9
grid.46699.34,1c02c6c9
grid.7450.6,1c02c6c9
grid.418336.b,1c02c6c9
grid.452396.f,1c02c6c9
NA,a4ec668d
grid.5963.9,a4ec668d
grid.7450.6,a4ec668d
grid.7450.6,a4ec668d
grid.6738.a,96cad434
grid.418140.8,96cad434
NA,96cad434
grid.7450.6,96cad434
grid.418140.8,96cad434
grid.6738.a,96cad434
grid.7450.6,96cad434
grid.7450.6,8d86e1f6
grid.7450.6,8d86e1f6
grid.8404.8,8d86e1f6
grid.6884.2,8d86e1f6
grid.8404.8,8d86e1f6
grid.7450.6,deafea7f
grid.7450.6,deafea7f
grid.7450.6,deafea7f
grid.7450.6,deafea7f
grid.435957.9,deafea7f
not_in_grid,deafea7f
grid.69566.3a,deafea7f
grid.27476.30,deafea7f
grid.428397.3,deafea7f
grid.35541.36,deafea7f
grid.419494.5,deafea7f
grid.411984.1,deafea7f
grid.7450.6,deafea7f
grid.419522.9,deafea7f
grid.7450.6,dbaaecfa
grid.5398.7,dbaaecfa
grid.5342.0,dbaaecfa
grid.7683.a,dbaaecfa
grid.418140.8,3104033
NA,3104033
grid.7450.6,3104033
grid.5330.5,9708655f
grid.419538.2,9708655f
grid.419522.9,9708655f
grid.7450.6,ff0ddf58
grid.10253.35,ff0ddf58
grid.9647.c,ff0ddf58
not_in_grid,ff0ddf58
grid.411580.9,ff0ddf58
grid.7450.6,9b71d959
NA,9b71d959
grid.7450.6,9b71d959
grid.1957.a,9b71d959
grid.425265.2,9b71d959
grid.7450.6,9b71d959
grid.7450.6,9b71d959
grid.7450.6,9b71d959
grid.7450.6,9b71d959
grid.418140.8,5329e69e
grid.41156.37,5329e69e
grid.89957.3a,5329e69e
grid.7450.6,9f5aae24
grid.7450.6,9f5aae24
grid.7683.a,9f5aae24
grid.418140.8,76f78a60
grid.418832.4,76f78a60
grid.418140.8,febee89d
grid.7497.d,febee89d
grid.411984.1,66996018
NA,66996018
grid.419522.9,66996018
grid.411984.1,66996018
grid.424247.3,66996018
grid.418140.8,66996018
grid.418140.8,66996018
grid.5252.0,66996018
grid.5252.0,66996018
grid.411984.1,66996018
grid.440220.0,66996018
grid.411984.1,66996018
grid.6582.9,66996018
grid.6582.9,66996018
grid.411984.1,aae8b75d
grid.418140.8,aae8b75d
NA,aae8b75d
grid.411984.1,aae8b75d
grid.5333.6,dacfc80f
grid.5333.6,dacfc80f
grid.5333.6,dacfc80f
grid.7450.6,dacfc80f
grid.418140.8,dacfc80f
grid.418140.8,acf93b8e
grid.411984.1,1e931d47
grid.7450.6,40223ab7
grid.411984.1,d6b2b9c2
grid.411984.1,d6b2b9c2
grid.411984.1,d6b2b9c2
NA,d6b2b9c2
grid.7450.6,d6b2b9c2
grid.7450.6,d6b2b9c2
grid.5379.8,e2e5d1ce
grid.7450.6,e2e5d1ce
grid.7445.2,e2e5d1ce
grid.418140.8,d1984e8e
grid.424247.3,d1984e8e
grid.438114.b,d1984e8e
grid.418140.8,d1984e8e
grid.424247.3,d1984e8e
grid.419522.9,977a0e9c
grid.12380.38,977a0e9c
grid.12380.38,977a0e9c
grid.25879.31,977a0e9c
grid.8993.b,977a0e9c
grid.7683.a,8ff7142d
grid.411984.1,8ff7142d
grid.5398.7,8ff7142d
NA,8ff7142d
grid.418140.8,e028857a
grid.7450.6,e028857a
grid.7450.6,e028857a
grid.7450.6,e028857a
grid.418140.8,e028857a
grid.7727.5,2ce19fa2
grid.411941.8,2ce19fa2
grid.7450.6,2ce19fa2
grid.6363.0,2ce19fa2
grid.37828.36,2ce19fa2
grid.9026.d,2ce19fa2
grid.7450.6,59dea990
grid.7450.6,59dea990
grid.7450.6,59dea990
NA,59dea990
not_in_grid,e6f5c23d
grid.418435.f,e6f5c23d
grid.8404.8,71b67bb3
grid.8404.8,71b67bb3
grid.424247.3,71b67bb3
grid.418140.8,71b67bb3
grid.10814.3c,71b67bb3
grid.423606.5,71b67bb3
grid.4444.0,71b67bb3
grid.470125.5,71b67bb3
grid.418140.8,7a938e2
grid.7345.5,7a938e2
NA,7a938e2
grid.15447.33,7a938e2
grid.411984.1,3a8f5b21
grid.7450.6,3a8f5b21
grid.419514.c,3a8f5b21
grid.454401.0,3a8f5b21
NA,3a8f5b21
grid.411984.1,3a8f5b21
grid.418140.8,3a8f5b21
grid.7450.6,3a8f5b21
grid.411984.1,9197bfc8
grid.411984.1,9197bfc8
grid.411984.1,9197bfc8
grid.418140.8,2e11f5ff
NA,2e11f5ff
grid.418140.8,3fbc65e
grid.7450.6,3fbc65e
NA,43f9bdf4
grid.7450.6,43f9bdf4
grid.418140.8,43f9bdf4
grid.7450.6,de98bb6e
grid.411984.1,9ef493bc
grid.5379.8,9ef493bc
grid.411984.1,9ef493bc
grid.4367.6,9ef493bc
grid.4367.6,9ef493bc
grid.418140.8,9ef493bc
grid.4367.6,9ef493bc
grid.410443.6,9ef493bc
grid.411984.1,9d09e6ca
grid.411984.1,9d09e6ca
grid.411984.1,9d09e6ca
grid.13992.30,d420ae52
grid.13992.30,d420ae52
grid.47840.3f,d420ae52
grid.7450.6,d420ae52
grid.7450.6,2c0dc54b
grid.7450.6,2c0dc54b
grid.6363.0,2c0dc54b
grid.7450.6,56132cc
grid.7450.6,56132cc
grid.5963.9,56132cc
grid.418140.8,56132cc
not_in_grid,4f2fabcd
grid.418140.8,4f2fabcd
grid.8385.6,4f2fabcd
grid.5252.0,4f2fabcd
grid.5252.0,4f2fabcd
grid.6612.3,73664bc8
grid.419514.c,73664bc8
grid.7450.6,73664bc8
grid.418140.8,65fb12f1
grid.6734.6,65fb12f1
grid.5252.0,65fb12f1
grid.5252.0,65fb12f1
grid.5252.0,65fb12f1
grid.5252.0,6fc8e916
grid.5252.0,6fc8e916
grid.418140.8,6fc8e916
grid.5477.1,6fc8e916
grid.5477.1,6fc8e916
grid.418140.8,6fc8e916
grid.418140.8,7eff0893
grid.411984.1,c1a39e04
grid.6582.9,c1a39e04
grid.7450.6,c1a39e04
grid.8536.8,c1a39e04
grid.9983.b,c1a39e04
grid.7450.6,c1a39e04
grid.5330.5,c1a39e04
grid.411984.1,c1a39e04
NA,c1a39e04
grid.440220.0,c1a39e04
grid.419522.9,416205a4
grid.5949.1,416205a4
grid.419522.9,416205a4
grid.5335.0,416205a4
grid.418140.8,416205a4
grid.418140.8,416205a4
grid.21107.35,416205a4
NA,9989643c
grid.8515.9,9989643c
grid.8515.9,9989643c
grid.9851.5,9989643c
grid.5333.6,9989643c
grid.8515.9,9989643c
grid.5611.3,9989643c
grid.418140.8,9989643c
not_in_grid,9989643c
grid.7450.6,5c84b8fc
grid.418140.8,5c84b8fc
grid.411984.1,5c84b8fc
grid.5252.0,26023b62
grid.5252.0,26023b62
grid.143640.4,26023b62
grid.7450.6,efeade8c
grid.411984.1,efeade8c
grid.7450.6,efeade8c
NA,efeade8c
grid.7450.6,dfa47605
grid.10854.38,dfa47605
grid.4444.0,dfa47605
grid.5963.9,dfa47605
grid.5963.9,dfa47605
grid.418140.8,dfa47605
grid.7450.6,bbe84a6f
grid.10854.38,bbe84a6f
grid.7645.0,bbe84a6f
grid.5963.9,bbe84a6f
grid.418140.8,bbe84a6f
grid.418928.e,bbe84a6f
grid.5330.5,61cacccd
grid.419522.9,61cacccd
grid.5560.6,61cacccd
NA,61cacccd
grid.418140.8,2d7de95d
grid.7450.6,2d7de95d
grid.7450.6,fbdd7bf3
grid.7450.6,fbdd7bf3
grid.7727.5,fbdd7bf3
grid.240145.6,fbdd7bf3
grid.240145.6,fbdd7bf3
grid.452396.f,fbdd7bf3
grid.418140.8,4246e114
grid.418140.8,4246e114
grid.419522.9,eb47adf4
grid.8379.5,eb47adf4
grid.7683.a,eb47adf4
grid.9026.d,eb47adf4
grid.7450.6,d1e8ad93
grid.7450.6,d1e8ad93
grid.5398.7,d1e8ad93
grid.7450.6,fc8728f5
grid.5802.f,fc8728f5
grid.5802.f,fc8728f5
grid.5802.f,fc8728f5
grid.11749.3a,9bbf4f00
grid.419522.9,9bbf4f00
grid.418140.8,8e64bf22
grid.411984.1,8e64bf22
grid.7692.a,51cdcea7
grid.6582.9,51cdcea7
grid.419522.9,51cdcea7
grid.6612.3,51cdcea7
grid.428999.7,51cdcea7
grid.5252.0,a1883035
grid.5252.0,a1883035
not_in_grid,a1883035
grid.418140.8,a1883035
grid.419491.0,ade53eca
grid.419491.0,ade53eca
grid.6363.0,ade53eca
grid.419522.9,ade53eca
grid.419522.9,c6f0a251
NA,c6f0a251
grid.419522.9,c6f0a251
grid.418215.b,c6f0a251
grid.7450.6,c6f0a251
grid.418215.b,c6f0a251
grid.8391.3,c6f0a251
grid.418140.8,eca82782
grid.7450.6 ,eca82782
grid.7450.6,eca82782
grid.411984.1,f1bf96f5
grid.83440.3b,f1bf96f5
grid.13648.38,f1bf96f5
grid.13648.38,f1bf96f5
grid.7450.6,3fbb5316
grid.7450.6,3fbb5316
grid.6612.3,3fbb5316
grid.419522.9,f032523e
grid.7450.6,2d85297a
grid.7450.6,2d85297a
grid.5398.7,2d85297a
grid.419522.9,f2d15b33
grid.419522.9,f2d15b33
grid.289247.2,f2d15b33
grid.7450.6,f2d15b33
grid.418140.8,874c807b
grid.7450.6,a704a59b
grid.168010.e,32532cf5
grid.168010.e,32532cf5
grid.280747.e,32532cf5
grid.7450.6,32532cf5
NA,32532cf5
grid.410425.6,32532cf5
grid.410425.6,32532cf5
grid.7497.d,7ee16f09
grid.418140.8,7ee16f09
grid.411984.1,10d44e9f
grid.7450.6,10d44e9f
grid.13648.38,10d44e9f
NA,10d44e9f
grid.411941.8,10d44e9f
grid.7839.5,8a919a1b
grid.419522.9,8a919a1b
grid.7450.6,cdec5376
grid.411580.9,cdec5376
grid.10423.34,cdec5376
NA,cdec5376
grid.418457.b,cdec5376
NA,cdec5376
grid.411941.8,cdec5376
grid.5718.b,531c0371
grid.7450.6,531c0371
grid.418140.8,f9d2eef3
grid.424247.3,f9d2eef3
grid.7450.6,f9d2eef3
grid.411984.1,f9d2eef3
NA,f9d2eef3
grid.10814.3c,f9d2eef3
grid.6936.a,f9d2eef3
grid.418441.c,f9d2eef3
grid.9918.9,f9d2eef3
NA,f84afb8e
NA,f84afb8e
NA,f84afb8e
NA,f84afb8e
grid.5252.0,f84afb8e
grid.5252.0,f84afb8e
grid.7450.6,b695593b
grid.7450.6,e22d6e11
grid.7450.6,e22d6e11
grid.7450.6,e3d156b0
grid.7450.6,e3d156b0
grid.411984.1,ebef249d
grid.418140.8,ebef249d
grid.418140.8,ebef249d
grid.411984.1,ebef249d
grid.418140.8,ebef249d
grid.5252.0,bd5befce
grid.5596.f,1509e7d2
grid.410566.0,1509e7d2
grid.11486.3a,1509e7d2
grid.5342.0,1509e7d2
grid.5596.f,1509e7d2
grid.11486.3a,1509e7d2
grid.7942.8,1509e7d2
grid.7177.6,1509e7d2
grid.7177.6,1509e7d2
grid.419522.9,1509e7d2
grid.17091.3e,1509e7d2
grid.7450.6,11428135
grid.7450.6,11428135
grid.5335.0,11428135
grid.17063.33,11428135
grid.7700.0,d43fa8c3
grid.7892.4,d43fa8c3
grid.5570.7,d43fa8c3
grid.7450.6,d43fa8c3
grid.411984.1,79620fc
grid.9811.1,79620fc
grid.7450.6,b2f87ef3
grid.7450.6,b2f87ef3
grid.450272.6,b2f87ef3
grid.5330.5,b2f87ef3
grid.7450.6,b2f87ef3
grid.418140.8,b2f87ef3
grid.7450.6,72d2dcaf
grid.7450.6,eb161ef9
grid.5801.c,eb161ef9
grid.7683.a,eb161ef9
grid.419522.9,eecc2939
grid.418140.8,6bad68c
grid.418140.8,6bad68c
grid.7645.0,6bad68c
grid.7450.6,6bad68c
grid.7450.6,6ab34f9b
grid.7450.6,6ab34f9b
grid.418215.b,6ab34f9b
NA,1dfd720b
NA,1dfd720b
grid.7450.6,f04cff6c
grid.7450.6,f04cff6c
grid.9647.c,f04cff6c
grid.7450.6,f04cff6c
grid.5802.f,f04cff6c
grid.418140.8,6a2d81f1
grid.254298.0,6a2d81f1
grid.254298.0,6a2d81f1
grid.5333.6,bd706f54
NA,bd706f54
grid.8993.b,bd706f54
grid.8591.5,bd706f54
grid.418140.8,bd706f54
not_in_grid,9989f218
grid.7450.6,4a1cad12
grid.7450.6,4a1cad12
grid.7497.d,db6e4115
grid.418140.8,db6e4115
grid.470125.5,a7da644c
grid.424247.3,a7da644c
grid.424247.3,a7da644c
grid.424247.3,a7da644c
grid.240145.6,a7da644c
grid.418140.8,35a644b8
grid.418140.8,35a644b8
grid.418140.8,fa8170b5
grid.424247.3,fa8170b5
grid.411984.1,fa8170b5
grid.411095.8,4ec2b6f1
grid.5252.0,4ec2b6f1
grid.5252.0,4ec2b6f1
grid.418140.8,4ec2b6f1
grid.7450.6,4ec2b6f1
grid.7450.6,27e93ecf
NA,27e93ecf
NA,27e93ecf
grid.423940.8,27e93ecf
grid.433174.6,27e93ecf
grid.7450.6,27e93ecf
grid.470125.5,90e253c5
not_in_grid,90e253c5
grid.411984.1,91797fbc
grid.411984.1,91797fbc
grid.411984.1,91797fbc
grid.7450.6,91797fbc
grid.7450.6,91797fbc
grid.7450.6,91797fbc
grid.7450.6,91797fbc
grid.249880.f,91797fbc
grid.5252.0,96d122bf
grid.5252.0,96d122bf
grid.418140.8,96d122bf
grid.6190.e,96d122bf
grid.419498.9,96d122bf
grid.419522.9,fe188498
grid.418140.8,fe188498
grid.4444.0,fe188498
grid.412041.2,fe188498
grid.419522.9,fe188498
grid.5805.8,fe188498
NA,fe188498
grid.5805.8,fe188498
not_in_grid,fe188498
grid.418140.8,fe188498
grid.411984.1,fe188498
grid.419522.9,fe188498
grid.7450.6,78426f59
grid.5252.0,112da8a2
grid.7692.a,112da8a2
grid.7489.2,aaf8b43d
grid.7489.2,aaf8b43d
grid.7450.6,aaf8b43d
grid.7489.2,aaf8b43d
grid.5252.0,bfe59a56
grid.5252.0,bfe59a56
grid.418615.f,bfe59a56
grid.7450.6,1dc50d8c
grid.9619.7,1dc50d8c
grid.459807.7,1dc50d8c
grid.470118.b,1dc50d8c
grid.9619.7,1dc50d8c
grid.7450.6,c6e92bba
NA,c6e92bba
grid.7450.6,c6e92bba
grid.67105.35,cad0eeac
grid.9757.c,cad0eeac
grid.7450.6,cad0eeac
grid.7450.6,cad0eeac
grid.27755.32,cad0eeac
grid.414033.1,cad0eeac
grid.38142.3c,cad0eeac
NA,2869d93d
NA,2869d93d
NA,2869d93d
grid.7450.6,2869d93d
grid.7450.6,9db0b558
grid.7450.6,9db0b558
grid.7450.6,52c95e0f
NA,52c95e0f
grid.5963.9,52c95e0f
grid.5963.9,52c95e0f
grid.418140.8,4f1e442a
grid.7450.6,6c4225b0
grid.7450.6,6c4225b0
grid.264756.4,37666d5e
grid.418140.8,37666d5e
grid.434675.7,37666d5e
grid.418140.8,4fc75fb2
grid.418032.c,4fc75fb2
grid.418140.8,4fc75fb2
NA,4fc75fb2
grid.7450.6,4fc75fb2
grid.25697.3f,4fc75fb2
grid.418615.f,4fc75fb2
grid.6738.a,4fc75fb2
grid.5963.9,4fc75fb2
grid.411984.1,c17ab629
grid.418140.8,c17ab629
grid.7497.d,317a2dd
grid.7700.0,317a2dd
grid.14095.39,317a2dd
grid.7700.0,317a2dd
grid.418140.8,317a2dd
grid.411984.1,b720d4c6
grid.7450.6,b720d4c6
grid.419514.c,b720d4c6
grid.7450.6,b720d4c6
grid.8534.a,b720d4c6
grid.411984.1,b720d4c6
grid.38142.3c,b720d4c6
grid.411984.1,9fe0aeb9
grid.7450.6,9fe0aeb9
NA,9fe0aeb9
not_in_grid,ea794771
grid.419522.9,ea794771
grid.470125.5,ea794771
grid.7700.0,a799e641
grid.5802.f,a799e641
grid.419522.9,a799e641
NA,a799e641
grid.214458.e,1ac02b5
grid.7450.6,1ac02b5
grid.214458.e,1ac02b5
grid.266100.3,1ac02b5
grid.5379.8,1ac02b5
grid.418140.8,1ac02b5
grid.418140.8,3f35a252
grid.418140.8,3f35a252
grid.7450.6,dc01b04e
grid.412899.f,c62e3eaa
grid.13402.34,c62e3eaa
grid.41156.37,c62e3eaa
grid.418140.8,c62e3eaa
grid.411984.1,6ab33e5e
grid.7450.6,6ab33e5e
NA,6ab33e5e
grid.411984.1,63ac6735
grid.418140.8,63ac6735
grid.411984.1,ed4a4fd5
grid.5252.0,ed4a4fd5
grid.411327.2,ed4a4fd5
grid.7450.6,b1080c71
grid.7605.4,b1080c71
grid.6363.0,b1080c71
grid.5012.6,b1080c71
grid.7942.8,b1080c71
grid.7450.6,b1080c71
grid.7942.8,b1080c71
NA,b1080c71
grid.13648.38,b1080c71
grid.7450.6,b1080c71
grid.7445.2,b1080c71
grid.419522.9,7ef4201f
grid.411327.2,7ef4201f
NA,7ef4201f
grid.419505.c,7ef4201f
grid.414703.5,7ef4201f
grid.7450.6,4747e6e
grid.9647.c,4747e6e
grid.5110.5,4747e6e
grid.6363.0,4747e6e
not_in_grid,4747e6e
grid.6363.0,4747e6e
grid.7450.6,4747e6e
grid.6936.a,4747e6e
NA,4747e6e
grid.5718.b,4155acb8
grid.7450.6,4155acb8
NA,4155acb8
grid.418140.8,94b402a0
grid.21925.3d,7b503596
grid.21925.3d,7b503596
grid.21925.3d,7b503596
grid.464710.0,7b503596
grid.419522.9,7b503596
grid.7727.5,1c53b5d7
grid.7727.5,1c53b5d7
grid.5252.0,1c53b5d7
grid.5252.0,1c53b5d7
grid.9613.d,59f62637
grid.7450.6,59f62637
grid.411984.1,b7656a4d
grid.413575.1,b7656a4d
grid.411984.1,b7656a4d
grid.8379.5,b7656a4d
grid.15078.3b,b7656a4d
grid.418140.8,b7656a4d
NA,b7656a4d
grid.5252.0,192bd75a
grid.5252.0,192bd75a
grid.4567.0,192bd75a
grid.419498.9,192bd75a
grid.5252.0,192bd75a
grid.10814.3c,4d76602c
grid.418832.4,4d76602c
grid.418140.8,4d76602c
grid.5330.5,3cab9620
grid.5330.5,3cab9620
grid.5330.5,3cab9620
grid.5170.3,3cab9620
grid.418928.e,3cab9620
grid.419522.9,8492e7c9
grid.418140.8,8492e7c9
grid.7450.6,8492e7c9
grid.414601.6,8492e7c9
grid.4991.5,4ec6ecfa
grid.418140.8,4ec6ecfa
grid.7497.d,4ec6ecfa
grid.38142.3c,4ec6ecfa
grid.418907.3,4ec6ecfa
grid.9613.d,4ec6ecfa
grid.9613.d,4ec6ecfa
grid.46699.34,4ec6ecfa
grid.4991.5,4ec6ecfa
grid.4991.5,4ec6ecfa
grid.47100.32,4ec6ecfa
grid.47100.32,4ec6ecfa
grid.413575.1,4ec6ecfa
grid.6738.a,4ec6ecfa
grid.419537.d,4ec6ecfa
grid.418140.8,4ec6ecfa
grid.411984.1,4ec6ecfa
grid.5037.1,4ec6ecfa
grid.412041.2,4ec6ecfa
grid.4444.0,4ec6ecfa
grid.14095.39,4ec6ecfa
grid.5335.0,4ec6ecfa
NA,4ec6ecfa
NA,4ec6ecfa
grid.4830.f,4ec6ecfa
NA,81e2909e
grid.418140.8,81e2909e
grid.419537.d,81e2909e
grid.4991.5,81e2909e
grid.4991.5,81e2909e
grid.10825.3e,81e2909e
grid.7450.6,e682d028
grid.21729.3f,e682d028
grid.7450.6,e682d028
grid.452396.f,e682d028
grid.4488.0,e682d028
grid.418140.8,a40341ec
grid.418140.8,a40341ec
grid.7450.6,18cc899a
grid.7450.6,18cc899a
grid.10423.34,18cc899a
grid.411984.1,17042f31
grid.411984.1,17042f31
grid.419522.9,17042f31
grid.411984.1,17042f31
grid.7450.6,17042f31
grid.7450.6,17042f31
grid.419522.9,17042f31
grid.411984.1,17042f31
grid.411984.1,17042f31
grid.6582.9,fee27b40
grid.5252.0,fee27b40
grid.5252.0,fee27b40
grid.414125.7,fee27b40
grid.26009.3d,fee27b40
grid.418341.b,fee27b40
grid.9851.5,fee27b40
grid.6190.e,fee27b40
grid.32224.35,fee27b40
grid.32224.35,fee27b40
grid.7841.a,fee27b40
grid.7841.a,fee27b40
grid.413503.0,fee27b40
grid.7637.5,fee27b40
not_in_grid,fee27b40
grid.7445.2,fee27b40
grid.6190.e,fee27b40
grid.6190.e,fee27b40
grid.6190.e,fee27b40
grid.418140.8,fee27b40
grid.13648.38,fee27b40
grid.47100.32,7f3fac37
grid.47100.32,7f3fac37
grid.14476.30,7f3fac37
NA,7f3fac37
grid.411030.7,7f3fac37
grid.466123.4,7f3fac37
NA,7f3fac37
grid.15447.33,7f3fac37
NA,7f3fac37
grid.418140.8,7f3fac37
grid.419522.9,8e515ebb
grid.419522.9,8e515ebb
grid.5596.f,8e515ebb
grid.5596.f,8e515ebb
grid.11486.3a,8e515ebb
grid.419722.b,8e515ebb
grid.21729.3f,8e515ebb
grid.19006.3e,8e515ebb
grid.46699.34,8e515ebb
grid.6363.0,8e515ebb
grid.430185.b,8e515ebb
grid.17063.33,8e515ebb
grid.5252.0,8e515ebb
grid.6530.0,8e515ebb
grid.411984.1,875dbba4
grid.5963.9,875dbba4
grid.5963.9,875dbba4
grid.5963.9,875dbba4
grid.418140.8,875dbba4
grid.5252.0,5cbf9083
grid.5252.0,5cbf9083
grid.7450.6,3c7c5ab0
grid.6868.0,bba901f7
grid.418140.8,bba901f7
grid.262671.6,858ec589
grid.5252.0,858ec589
grid.5252.0,858ec589
grid.418140.8,8ef2ca75
grid.418140.8,8ef2ca75
grid.418140.8,d2ab9a61
grid.418140.8,f1f3d47e
NA,f1f3d47e
grid.5252.0,f1f3d47e
grid.5252.0,f1f3d47e
grid.6734.6,83ac7ce2
grid.7450.6,83ac7ce2
grid.12380.38,83ac7ce2
grid.418140.8,83ac7ce2
grid.411984.1,5c2610d0
NA,5c2610d0
grid.7450.6,3bbd3d0
grid.411984.1,3bbd3d0
grid.7450.6,3bbd3d0
grid.8379.5,3bbd3d0
grid.5802.f,3bbd3d0
grid.7450.6,11099c19
grid.7450.6,11099c19
grid.418140.8,f4d87116
grid.7450.6,2ccfedd
grid.7450.6,2ccfedd
grid.418140.8,f275c2a6
grid.5379.8,7032f337
grid.7450.6,7032f337
grid.418140.8,7032f337
grid.214458.e,7032f337
grid.13992.30,7032f337
grid.7450.6,be23b031
grid.7450.6,be23b031
grid.7450.6,be23b031
grid.7450.6,be23b031
grid.418140.8,2464cce4
grid.7450.6,2464cce4
grid.7450.6,83dfb927
grid.7450.6,83dfb927
grid.4714.6,83dfb927
grid.419522.9,9a65a803
grid.419522.9,9a65a803
grid.9018.0,9a65a803
grid.12136.37,9a65a803
grid.12136.37,9a65a803
NA,9a65a803
grid.7450.6,435c61d3
grid.4567.0,cea9e23c
grid.452329.b,cea9e23c
grid.5252.0,cea9e23c
grid.5252.0,cea9e23c
grid.5252.0,cea9e23c
grid.418140.8,cea9e23c
grid.419522.9,c7148a9a
grid.7450.6,c7148a9a
grid.419522.9,c7148a9a
grid.411984.1,47c425d6
grid.418140.8,47c425d6
NA,6d9b6ae5
NA,6d9b6ae5
NA,6d9b6ae5
grid.470125.5,6d9b6ae5
grid.424247.3,6d9b6ae5
grid.418140.8,6d9b6ae5
grid.411984.1,6d9b6ae5
grid.10814.3c,305e4e44
grid.10814.3c,305e4e44
grid.8385.6,305e4e44
grid.418140.8,305e4e44
grid.424247.3,305e4e44
grid.470125.5,305e4e44
NA,305e4e44
grid.7450.6,fbb9f258
grid.415280.a,fbb9f258
grid.7450.6,fbb9f258
grid.7450.6,fbb9f258
grid.477500.1,fbb9f258
grid.5330.5,9efdb0d3
grid.419522.9,9efdb0d3
grid.411984.1,814aa08
NA,814aa08
NA,814aa08
grid.7450.6,c12d9c4e
grid.4991.5,c12d9c4e
grid.412939.4,c12d9c4e
grid.410442.7,c12d9c4e
grid.7450.6,c12d9c4e
grid.7450.6,c12d9c4e
grid.46699.34,c12d9c4e
NA,c12d9c4e
grid.10392.39,c12d9c4e
grid.419522.9,636a3794
NA,636a3794
grid.419522.9,636a3794
grid.5718.b,b083edd7
grid.419656.9,b083edd7
grid.477456.3,b083edd7
grid.7450.6,b083edd7
grid.418140.8,9f0b17de
NA,9f0b17de
grid.15447.33,9f0b17de
grid.223827.e,9f0b17de
grid.7872.a,9f0b17de
grid.7450.6,f35419c
not_in_grid,f35419c
grid.7450.6,f35419c
grid.7450.6,2eaaf9b
grid.418140.8,2eaaf9b
grid.7384.8,40e9ca64
grid.7450.6,40e9ca64
grid.9018.0,40e9ca64
grid.7450.6,1211d4a0
grid.418800.5,1211d4a0
grid.7450.6,2d1a0b60
grid.7450.6,2d1a0b60
grid.7450.6,5ca6518
grid.7683.a,5ca6518
grid.7497.d,5ca6518
grid.411327.2,84d71faa
grid.418140.8,84d71faa
NA,84d71faa
grid.31501.36,4b500403
grid.31501.36,4b500403
grid.5252.0,4b500403
grid.5252.0,4b500403
grid.254224.7,4b500403
grid.38142.3c,4b500403
grid.418140.8,ca09722
grid.418140.8,ca09722
grid.7683.a,ca09722
grid.7450.6,ca09722
grid.7450.6,ca09722
grid.8241.f,ca09722
grid.8241.f,ca09722
grid.411984.1,335fd9df
grid.411984.1,335fd9df
grid.7700.0,ee46fcae
grid.418140.8,ee46fcae
grid.7700.0,ee46fcae
grid.7497.d,ee46fcae
grid.7450.6,c4ae3ca8
grid.7450.6,c4ae3ca8
grid.10253.35,c4ae3ca8
grid.13648.38,c4ae3ca8
NA,c4ae3ca8
grid.411984.1,da0a0798
grid.12284.3d,da0a0798
grid.7645.0,15bf0413
grid.7450.6,15bf0413
grid.418140.8,15bf0413
grid.419522.9,eb69d37f
grid.419505.c,eb69d37f
grid.1003.2,eb69d37f
grid.418140.8,eb69d37f
not_in_grid,eb69d37f
grid.7450.6,5d569581
grid.419491.0,5d569581
grid.418615.f,5d569581
grid.459389.a,5d569581
grid.7704.4,d91d853d
grid.10423.34,d91d853d
grid.7450.6,d91d853d
grid.419522.9,c32727ae
grid.5330.5,c32727ae
grid.5252.0,c32727ae
grid.4973.9,c32727ae
grid.7450.6,c32727ae
grid.419522.9,c32727ae
NA,c32727ae
grid.5252.0,2e1906a6
grid.417570.0,5c8dc22a
grid.5252.0,5c8dc22a
grid.417570.0,5c8dc22a
grid.7450.6,6b34d306
grid.7450.6,6b34d306
NA,6b34d306
grid.411788.3,6b34d306
grid.11749.3a,6b34d306
grid.434675.7,5d91d3f2
grid.420214.1,5d91d3f2
grid.418140.8,5d91d3f2
grid.420214.1,5d91d3f2
grid.419491.0,863e3f34
NA,863e3f34
not_in_grid,863e3f34
NA,863e3f34
NA,863e3f34
grid.7497.d,863e3f34
grid.418140.8,bd797e91
grid.5596.f,d234aa98
grid.5596.f,d234aa98
grid.5596.f,d234aa98
grid.7450.6,d234aa98
grid.418140.8,d234aa98
grid.411984.1,d4886156
grid.418140.8,d4886156
NA,d4886156
grid.418140.8,5b085481
grid.434729.f,9e98f870
grid.5386.8,9e98f870
grid.7450.6,9e98f870
grid.7683.a,9e98f870
grid.5386.8,9e98f870
grid.5292.c,9e98f870
grid.418140.8,57375acf
grid.411984.1,57375acf
grid.5252.0,53c43714
grid.5252.0,53c43714
grid.418140.8,53c43714
grid.419522.9,23636df4
grid.5252.0,23636df4
grid.411984.1,23636df4
grid.411984.1,23636df4
grid.10392.39,73345f8e
NA,73345f8e
NA,73345f8e
grid.5734.5,73345f8e
grid.418140.8,73345f8e
grid.417929.0,ef43064f
grid.417960.d,ef43064f
grid.7450.6,ef43064f
grid.7497.d,b5ae535d
grid.418140.8,b5ae535d
grid.7450.6,9ad03c76
grid.6738.a,9ad03c76
grid.5963.9,9ad03c76
grid.5963.9,9ad03c76
grid.418140.8,29ac5e25
grid.7450.6,48fa4343
grid.418140.8,48fa4343
grid.7450.6,b4b68b1e
grid.13648.38,b4b68b1e
grid.7450.6,b4b68b1e
grid.418140.8,c522d29c
grid.7450.6,c522d29c
grid.418140.8,c522d29c
grid.418140.8,c522d29c
grid.5252.0,22c56594
grid.5252.0,22c56594
grid.410711.2,22c56594
grid.410711.2,22c56594
grid.410711.2,22c56594
grid.7450.6,7fe9d084
grid.5253.1,f341460a
grid.5253.1,f341460a
grid.5253.1,f341460a
not_in_grid,f341460a
grid.6363.0,f341460a
grid.6363.0,f341460a
grid.6363.0,f341460a
grid.7839.5,f341460a
grid.7450.6,f341460a
grid.7450.6,df25763b
grid.418140.8,df25763b
grid.12380.38,7893e493
grid.7450.6,7893e493
grid.418140.8,7893e493
grid.5734.5,7893e493
grid.419522.9,95255d28
grid.419522.9,95255d28
grid.7450.6,dbff30dd
grid.434729.f,dbff30dd
NA,afe9b6ba
grid.5734.5,afe9b6ba
grid.419522.9,afe9b6ba
grid.5963.9,afe9b6ba
grid.12641.30,afe9b6ba
grid.267500.6,b782fb80
grid.419505.c,b782fb80
grid.419505.c,b782fb80
grid.5330.5,b782fb80
grid.7450.6,b782fb80
grid.7450.6,b782fb80
grid.7450.6,b782fb80
grid.7450.6,b782fb80
grid.7450.6,b782fb80
NA,b782fb80
grid.416963.f,b782fb80
grid.7450.6,78278976
grid.418140.8,a552582
grid.265886.7,a552582
grid.418021.e,570a44ac
grid.418140.8,570a44ac
grid.418021.e,570a44ac
grid.418021.e,570a44ac
NA,ac2d62ac
grid.7450.6,ac2d62ac
grid.418140.8,3eda132a
grid.418615.f,3eda132a
grid.7839.5,7fc14bf7
grid.254298.0,7fc14bf7
grid.254298.0,7fc14bf7
grid.418140.8,7fc14bf7
grid.67105.35,7fc14bf7
grid.67105.35,7fc14bf7
grid.239578.2,7fc14bf7
NA,879bb0f6
grid.6738.a,879bb0f6
grid.6738.a,879bb0f6
grid.9663.a,879bb0f6
grid.7450.6,879bb0f6
grid.5164.6,879bb0f6
grid.7450.6,5f44e168
grid.7450.6,5f44e168
grid.418140.8,5f44e168
grid.470125.5,5f44e168
grid.7450.6,b30f1f78
grid.7683.a,b30f1f78
grid.411984.1,69c1de86
grid.418215.b,69c1de86
grid.7450.6,69c1de86
grid.7450.6,69c1de86
grid.7450.6,69c1de86
grid.418140.8,eea18157
grid.419514.c,eea18157
grid.4461.7,eea18157
grid.8379.5,eea18157
grid.424247.3,eea18157
grid.470125.5,eea18157
grid.15078.3b,eea18157
grid.418832.4,eea18157
grid.7468.d,eea18157
grid.7450.6,f94ec17d
not_in_grid,f94ec17d
grid.21604.31,f94ec17d
grid.411984.1,aa989066
NA,aa989066
grid.7450.6,54633b48
grid.7450.6,54633b48
NA,df5b52e1
grid.5963.9,df5b52e1
grid.411984.1,df5b52e1
grid.7450.6,791001d9
grid.411984.1,be2efe5d
NA,be2efe5d
grid.7450.6,6216cc1
grid.7450.6,5cd86aaa
NA,5cd86aaa
grid.419522.9,5cd86aaa
grid.418140.8,5cd86aaa
grid.7450.6,c7127796
grid.418140.8,c7127796
grid.411984.1,6d674003
grid.411984.1,6d674003
NA,6d674003
grid.411984.1,6d674003
grid.411984.1,6d674003
grid.411984.1,6d674003
grid.7450.6,6d674003
grid.7450.6,6d674003
grid.7450.6,160c180e
NA,160c180e
grid.7450.6,58cdbb8e
NA,58cdbb8e
grid.7450.6,2ce0738b
grid.433867.d,2ce0738b
grid.7700.0,2ce0738b
grid.5718.b,2ce0738b
grid.416164.0,2ce0738b
NA,2ce0738b
grid.5718.b,2ce0738b
grid.419595.5,2ce0738b
grid.5802.f,2ce0738b
grid.419594.4,2ce0738b
grid.439045.f,2ce0738b
NA,2ce0738b
NA,2ce0738b
grid.9227.e,480c6807
grid.9227.e,480c6807
grid.418140.8,480c6807
grid.263488.3,480c6807
grid.59025.3b,480c6807
grid.7892.4,480c6807
grid.424699.4,480c6807
grid.9681.6,480c6807
grid.418140.8,c7c618d6
grid.4861.b,c7c618d6
grid.7722.0,c7c618d6
grid.5841.8,c7c618d6
grid.7450.6,63887cfa
grid.7450.6,63887cfa
grid.7450.6,63887cfa
grid.418140.8,63887cfa
grid.7450.6,7d5f9cf6
grid.5802.f,7d5f9cf6
grid.9647.c,7d5f9cf6
grid.7450.6,9d55ca48
grid.438114.b,9d55ca48
grid.418140.8,d93f96c2
grid.5570.7,d93f96c2
grid.5570.7,d93f96c2
grid.418928.e,a267714a
grid.7450.6,a267714a
NA,a267714a
NA,a267714a
NA,a267714a
grid.7839.5,a267714a
grid.430387.b,a267714a
grid.5963.9,a267714a
grid.7450.6,ba843b1e
grid.7450.6,ba843b1e
grid.10420.37,ba843b1e
grid.8664.c,ba843b1e
grid.7450.6,ba843b1e
grid.8379.5,97ef351e
grid.5253.1,97ef351e
grid.419522.9,97ef351e
grid.8756.c,97ef351e
grid.7177.6,8cc2f497
grid.177174.3,8cc2f497
grid.7450.6,8cc2f497
grid.7450.6,65458d5b
grid.414033.1,65458d5b
grid.420089.7,65458d5b
grid.94365.3d,65458d5b
grid.414054.0,65458d5b
grid.9619.7,65458d5b
grid.9619.7,65458d5b
grid.419352.8,65458d5b
grid.413973.b,65458d5b
grid.1013.3,65458d5b
grid.1013.3,65458d5b
NA,3193c60
grid.16753.36,3193c60
grid.4332.6,3193c60
grid.7450.6,3193c60
grid.7450.6,3f39e8a2
grid.7450.6,3e528a3e
grid.5252.0,3e528a3e
grid.7450.6,3e528a3e
grid.7450.6,3e528a3e
grid.418140.8,bf5bdee3
grid.419522.9,bf5bdee3
not_in_grid,6c4d99ca
grid.418435.f,6c4d99ca
grid.418140.8,6c4d99ca
grid.418140.8,af1cfda6
grid.5037.1,af1cfda6
grid.168010.e,706b0ae3
grid.168010.e,706b0ae3
grid.429952.1,706b0ae3
grid.7450.6,706b0ae3
grid.4714.6,706b0ae3
grid.4714.6,706b0ae3
grid.5330.5,706b0ae3
not_in_grid,706b0ae3
grid.411984.1,7a418f79
grid.418140.8,7a418f79
grid.10548.38,671492c1
grid.418140.8,671492c1
grid.7450.6,671492c1
NA,671492c1
grid.6190.e,671492c1
grid.6190.e,671492c1
grid.6190.e,671492c1
grid.419502.b,671492c1
grid.411984.1,45c06a27
NA,45c06a27
NA,45c06a27
grid.10423.34,45c06a27
grid.7450.6,5ce20ffc
NA,5ce20ffc
grid.7497.d,5ce20ffc
grid.418140.8,9c36bc62
NA,c98f0224
grid.410413.3,c98f0224
NA,c98f0224
grid.137628.9,c98f0224
grid.47840.3f,c98f0224
grid.419564.b,73baa87e
grid.418140.8,73baa87e
grid.419522.9,ed4f0cb2
NA,ed4f0cb2
grid.424247.3,ed4f0cb2
grid.419522.9,ed4f0cb2
grid.418140.8,423b8f8b
grid.418140.8,267ecd24
grid.418245.e,65626a67
grid.9613.d,65626a67
grid.9613.d,65626a67
grid.275559.9,65626a67
grid.419522.9,65626a67
grid.419522.9,85d9cd08
NA,85d9cd08
grid.5802.f,f4f72d5a
grid.418140.8,f4f72d5a
grid.418140.8,764c2649
grid.21925.3d,764c2649
grid.7450.6,d57de37b
grid.7491.b,d57de37b
grid.7450.6,d57de37b
grid.412341.1,d57de37b
grid.452288.1,d57de37b
grid.411984.1,74b0ef34
grid.411984.1,74b0ef34
grid.214572.7,37a625e3
grid.214572.7,37a625e3
grid.214572.7,37a625e3
grid.411984.1,37a625e3
grid.411984.1,37a625e3
grid.412045.6,37a625e3
grid.464710.0,1b04e180
grid.418140.8,1b04e180
grid.7450.6,2918d331
grid.419522.9,14dd8e85
grid.419522.9,14dd8e85
NA,14dd8e85
grid.418140.8,1fb452a5
grid.7450.6,1bee9d92
grid.418140.8,1bee9d92
grid.418140.8,1bee9d92
grid.7450.6,1bee9d92
grid.410712.1,96d3ae7f
grid.7450.6,96d3ae7f
grid.5252.0,54b63047
grid.5252.0,54b63047
grid.10388.32,54b63047
grid.419498.9,54b63047
grid.6190.e,54b63047
grid.7450.6,f48e6f26
grid.419595.5,f48e6f26
grid.14778.3d,f48e6f26
grid.7450.6,36490b05
grid.7692.a,36490b05
grid.5216.0,36490b05
grid.5596.f,36490b05
grid.8756.c,36490b05
grid.411984.1,36490b05
grid.411984.1,36490b05
grid.411984.1,36490b05
NA,36490b05
grid.7450.6,e9670e74
NA,e9670e74
grid.420044.6,e9670e74
grid.7450.6,e9670e74
grid.7450.6,687dc254
grid.419514.c,687dc254
grid.5398.7,687dc254
grid.4830.f,f33b9468
grid.418140.8,d607a46a
grid.4488.0,885d0916
grid.419537.d,885d0916
grid.418140.8,885d0916
grid.419560.f,885d0916
grid.4488.0,885d0916
grid.4795.f,885d0916
grid.4367.6,885d0916
grid.418140.8,6b6a0d31
NA,d3e0e1a9
grid.418140.8,d3e0e1a9
grid.470125.5,d3e0e1a9
grid.418140.8,d3e0e1a9
grid.7450.6,722572c1
NA,722572c1
grid.5398.7,722572c1
grid.9122.8,59b7124b
grid.9018.0,59b7124b
grid.418140.8,59b7124b
grid.7450.6,ec91264
NA,ec91264
grid.7892.4,ec91264
grid.411984.1,86b2ac80
grid.411984.1,86b2ac80
grid.7450.6,86b2ac80
grid.7450.6,86b2ac80
grid.7450.6,2ce84acc
grid.5398.7,2ce84acc
grid.7450.6,e234f406
grid.475435.4,e234f406
grid.1051.5,e234f406
grid.16753.36,e234f406
grid.21729.3f,e234f406
not_in_grid,e234f406
not_in_grid,e234f406
grid.19006.3e,d068c78e
grid.19006.3e,d068c78e
grid.7450.6,d068c78e
grid.7683.a,d068c78e
grid.136593.b,d068c78e
grid.418652.c,d068c78e
grid.418140.8,73ef1ed3
grid.419522.9,73ef1ed3
NA,73ef1ed3
grid.7450.6,4d90688f
grid.411984.1,4d90688f
grid.411984.1,4d90688f
grid.419522.9,4d90688f
grid.410607.4,c0bee689
grid.7159.a,c0bee689
grid.7159.a,c0bee689
grid.13339.3b,c0bee689
grid.7450.6,c0bee689
grid.7450.6,c0bee689
grid.7700.0,c0bee689
grid.7450.6,fd06936
grid.7450.6,fd06936
NA,fd06936
grid.8379.5,fd06936
grid.6363.0,fd06936
grid.6936.a,fd06936
grid.6936.a,fd06936
grid.452396.f,fd06936
grid.411580.9,fd06936
grid.7450.6,1273f7f7
grid.7450.6,1273f7f7
grid.7450.6,cc5ea7d7
grid.7450.6,cc5ea7d7
grid.262671.6,50d6bbd0
grid.83440.3b,50d6bbd0
grid.418140.8,50d6bbd0
grid.417929.0,f6a3b5cc
grid.417960.d,f6a3b5cc
grid.7450.6,f6a3b5cc
grid.411984.1,d5f47a73
NA,d5f47a73
grid.5942.a,d5f47a73
grid.5133.4,d5f47a73
grid.5640.7,d5f47a73
grid.7450.6,d5f47a73
grid.418712.9,d5f47a73
grid.411984.1,d5f47a73
grid.419522.9,d5f47a73
grid.7450.6,eb8a7d0e
grid.419514.c,eb8a7d0e
grid.7450.6,1adccfdb
grid.419522.9,1adccfdb
NA,1adccfdb
grid.418140.8,ba5b605a
grid.418140.8,d8cc6476
NA,d8cc6476
grid.7450.6,d8cc6476
grid.13992.30,c8a1a3e5
grid.7497.d,c8a1a3e5
grid.7450.6,c8a1a3e5
grid.5379.8,c8a1a3e5
grid.418140.8,88b7ad4e
grid.7450.6,8110da5a
grid.7450.6,9ecc3e2c
grid.5329.d,9ecc3e2c
grid.7450.6,9ecc3e2c
grid.411984.1,2a6061cb
grid.411984.1,2a6061cb
grid.418140.8,d54b557c
grid.168010.e,d54b557c
grid.5333.6,d54b557c
grid.4991.5,d54b557c
grid.7450.6,4edf964b
grid.9018.0,4edf964b
grid.12380.38,f57dd1ab
grid.417889.b,f57dd1ab
grid.15140.31,f57dd1ab
grid.7450.6,f57dd1ab
grid.7450.6,74696c3a
grid.14003.36,74696c3a
NA,2a602cae
NA,2a602cae
grid.47840.3f,2a602cae
grid.5802.f,20c04453
grid.7450.6,20c04453
grid.7450.6,ef596a34
grid.411984.1,8e93658d
grid.411984.1,8e93658d
grid.6363.0,8e93658d
grid.7450.6,baa9c10a
grid.7307.3,baa9c10a
grid.7683.a,baa9c10a
grid.419522.9,20fb0e7e
grid.6363.0,20fb0e7e
grid.5949.1,20fb0e7e
grid.411984.1,88326bf8
grid.411984.1,88326bf8
grid.419824.2,88326bf8
grid.454310.7,c6d14454
NA,c6d14454
grid.7450.6,c6d14454
grid.418140.8,3de56070
grid.7719.8,3de56070
grid.9647.c,3de56070
grid.4305.2,3de56070
grid.418140.8,5d95d415
grid.423218.e,5d95d415
grid.7450.6,16ba71bc
grid.5398.7,16ba71bc
grid.418140.8,16ba71bc
grid.5596.f,16ba71bc
grid.7450.6,a15ce872
not_in_grid,a15ce872
grid.5361.1,a15ce872
grid.418140.8,f24a9629
grid.411984.1,16b1989
grid.411984.1,16b1989
grid.266093.8,16b1989
grid.7450.6,46e3f6d4
grid.418215.b,46e3f6d4
grid.7450.6,46e3f6d4
NA,46e3f6d4
grid.7450.6,17ec60df
grid.418751.e,17ec60df
grid.9531.e,17ec60df
grid.7450.6,8b5cc807
grid.5963.9,8b5cc807
grid.7450.6,8b5cc807
grid.5253.1,dea459b9
grid.10392.39,dea459b9
grid.1003.2,dea459b9
grid.411941.8,dea459b9
grid.5330.5,dea459b9
grid.419494.5,dea459b9
grid.7497.d,dea459b9
grid.7839.5,dea459b9
grid.411984.1,dea459b9
grid.411327.2,dea459b9
grid.411984.1,ce71b770
grid.7450.6,ce71b770
grid.418140.8,ce71b770
grid.418832.4,ce71b770
grid.14095.39,ce71b770
grid.411984.1,ce71b770
grid.411984.1,ce71b770
grid.419514.c,ce71b770
grid.411984.1,ce71b770
grid.7450.6,ce71b770
grid.419522.9,ce71b770
grid.411984.1,ce71b770
grid.411984.1,ce71b770
grid.7450.6,ce71b770
grid.419522.9,1e03be9d
grid.419522.9,1e03be9d
grid.33565.36,1e03be9d
grid.423639.9,83061d26
grid.187073.a,83061d26
grid.411984.1,83061d26
NA,83061d26
grid.4567.0,83061d26
grid.411984.1,83061d26
grid.7450.6,2642a176
grid.7497.d,2642a176
grid.418140.8,8136e7cf
grid.7450.6,1b47adf1
grid.5963.9,1b47adf1
grid.5963.9,1b47adf1
grid.418140.8,1b47adf1
grid.7450.6,1b47adf1
grid.418140.8,1b47adf1
grid.7450.6,4f77ba7f
NA,4f77ba7f
grid.46699.34,4f77ba7f
grid.7450.6,4f77ba7f
grid.4991.5,4f77ba7f
grid.7450.6,4f77ba7f
grid.414033.1,4f77ba7f
grid.254748.8,4f77ba7f
grid.6363.0,4f77ba7f
grid.10423.34,4f77ba7f
grid.7450.6,e4000c30
grid.6738.a,e4000c30
grid.5963.9,e4000c30
grid.5963.9,e4000c30
grid.411984.1,bd9f78
grid.5963.9,bd9f78
grid.25152.31,bd9f78
grid.418140.8,bd9f78
grid.7450.6,3d404c24
NA,3d404c24
grid.5685.e,d27db60f
grid.5685.e,d27db60f
grid.440163.4,d27db60f
grid.18919.38,d27db60f
grid.15447.33,d27db60f
grid.418140.8,d27db60f
grid.94365.3d,d27db60f
grid.7450.6,31d52164
not_in_grid,31d52164
not_in_grid,31d52164
grid.6190.e,31d52164
grid.7450.6,31d52164
grid.5963.9,31d52164
grid.5963.9,31d52164
grid.10253.35,5baded14
grid.7450.6,5baded14
grid.7450.6,3bca85fc
grid.7450.6,3bca85fc
grid.418621.8,3bca85fc
grid.412970.9,a99cda1
grid.412970.9,a99cda1
NA,a99cda1
grid.420061.1,a99cda1
grid.419522.9,a99cda1
grid.7450.6,89da91fb
grid.261331.4,cc24da30
grid.266185.e,cc24da30
grid.425214.4,cc24da30
grid.7450.6,cc24da30
grid.459389.a,cc24da30
grid.266102.1,cc24da30
grid.170205.1,cc24da30
grid.21729.3f,cc24da30
grid.7450.6,eaad2434
grid.7450.6,eaad2434
grid.5802.f,eaad2434
grid.7450.6,d38eb3ce
NA,d38eb3ce
grid.411984.1,833524f5
grid.411327.2,833524f5
grid.7450.6,833524f5
NA,833524f5
grid.417548.b,833524f5
grid.11794.3a,833524f5
grid.11794.3a,833524f5
grid.424247.3,833524f5
grid.424247.3,833524f5
grid.411984.1,833524f5
grid.10814.3c,8d5386aa
grid.10814.3c,8d5386aa
grid.418832.4,8d5386aa
grid.418140.8,8d5386aa
grid.424247.3,8d5386aa
grid.411984.1,8d5386aa
grid.7450.6,4dd31527
grid.7683.a,4dd31527
grid.9647.c,625c9333
grid.419522.9,625c9333
grid.411984.1,b89daaf3
NA,b89daaf3
grid.418140.8,b89daaf3
grid.411984.1,b89daaf3
not_in_grid,b89daaf3
grid.418140.8,8e91138f
grid.418215.b,8e91138f
grid.23856.3a,1d8a35a2
grid.475176.6,1d8a35a2
grid.5254.6,1d8a35a2
NA,1d8a35a2
grid.9909.9,1d8a35a2
grid.5771.4,1d8a35a2
grid.5771.4,1d8a35a2
grid.418140.8,1d8a35a2
grid.7450.6,e4effc66
NA,e4effc66
grid.1957.a,e4effc66
grid.6582.9,e4effc66
not_in_grid,e4effc66
grid.6936.a,fa87df46
grid.6936.a,fa87df46
not_in_grid,fa87df46
grid.6936.a,fa87df46
grid.7450.6,fa87df46
grid.7445.2,fa87df46
NA,fa87df46
grid.7450.6,86ce7b95
grid.7450.6,86ce7b95
grid.418140.8,86ce7b95
grid.428973.3,86ce7b95
grid.425902.8,86ce7b95
grid.7450.6,ae2c4d93
grid.7450.6,477a07c1
grid.7450.6,477a07c1
grid.5949.1,477a07c1
grid.5808.5,3f7c74cf
grid.5801.c,3f7c74cf
grid.7354.5,3f7c74cf
grid.418615.f,3f7c74cf
grid.5338.d,3f7c74cf
grid.419522.9,3f7c74cf
NA,3f7c74cf
grid.5645.2,3f7c74cf
grid.411984.1,5e466ae6
grid.411984.1,5e466ae6
grid.411984.1,80fe4ee5
NA,80fe4ee5
grid.189504.1,80fe4ee5
grid.411984.1,1f8075f1
grid.411984.1,1f8075f1
grid.7450.6,c0acb533
grid.7450.6,c0acb533
grid.418140.8,43c38c4a
grid.418140.8,ac7e3795
grid.9619.7,969e4ae1
NA,969e4ae1
grid.470125.5,969e4ae1
grid.418140.8,b3b39bd4
grid.438114.b,b3b39bd4
grid.418140.8,b3b39bd4
grid.5801.c,b3b39bd4
grid.7683.a,b3b39bd4
grid.418140.8,4d9961fe
grid.419522.9,1f76c3ac
grid.411984.1,94644c39
grid.411984.1,94644c39
grid.418140.8,94644c39
grid.411024.2,94644c39
NA,94644c39
grid.7450.6,9923a5cd
NA,9923a5cd
grid.470125.5,d07b0ee2
grid.7450.6,82d1dc64
grid.7450.6,130431a6
grid.7450.6,130431a6
grid.7450.6,130431a6
grid.7450.6,130431a6
grid.443909.3,8b102ef0
grid.443909.3,8b102ef0
grid.412848.3,8b102ef0
grid.7870.8,8b102ef0
grid.7450.6,8b102ef0
grid.419522.9,7bc6ac5e
grid.419522.9,45d9f2fa
grid.11749.3a,45d9f2fa
grid.7400.3,45d9f2fa
grid.239578.2,45d9f2fa
NA,45d9f2fa
grid.7450.6,45d9f2fa
grid.7450.6,45d9f2fa
grid.7450.6,45d9f2fa
grid.418140.8,45d9f2fa
grid.11480.3c,45d9f2fa
grid.11480.3c,45d9f2fa
grid.11480.3c,45d9f2fa
grid.418140.8,45d9f2fa
grid.9647.c,45d9f2fa
grid.418140.8,9ac8325b
grid.7450.6,eccde718
grid.133342.4,eccde718
grid.5252.0,eccde718
grid.5252.0,eccde718
grid.16750.35,eccde718
grid.16750.35,eccde718
grid.116068.8,eccde718
grid.47100.32,eccde718
grid.12380.38,eccde718
grid.5132.5,4d61f0d3
grid.410607.4,4d61f0d3
grid.13339.3b,4d61f0d3
grid.5132.5,4d61f0d3
grid.7450.6,4d61f0d3
grid.418140.8,8427d8d2
grid.418140.8,4fb8fe8
grid.275033.0,457f9d8c
grid.419522.9,457f9d8c
grid.275033.0,457f9d8c
grid.14095.39,a64d276b
grid.6363.0,a64d276b
grid.14095.39,a64d276b
grid.6612.3,a64d276b
NA,a64d276b
grid.418140.8,a64d276b
NA,a64d276b
grid.418140.8,3f8a6fce
grid.418140.8,c2dfa919
grid.7450.6,9cbfde77
NA,9cbfde77
NA,9cbfde77
grid.7450.6,39560ae3
NA,39560ae3
grid.418227.a,39560ae3
grid.7450.6,39560ae3
grid.411941.8,39560ae3
grid.411984.1,ac819e04
grid.411984.1,ac819e04
grid.7450.6,ac819e04
grid.7450.6,ac819e04
grid.411984.1,ac819e04
grid.411984.1,ac819e04
grid.7450.6,ac819e04
grid.7450.6,ac819e04
grid.7450.6,ac819e04
grid.419522.9,ac819e04
grid.418140.8,ac819e04
grid.10388.32,ac819e04
grid.10388.32,ac819e04
grid.7450.6,a9a26afc
grid.411984.1,12d55dd8
grid.7450.6,12d55dd8
grid.6936.a,12d55dd8
grid.7450.6,12d55dd8
NA,12d55dd8
grid.16872.3a,a6c939de
grid.5254.6,a6c939de
NA,a6c939de
grid.6363.0,a6c939de
grid.419522.9,a6c939de
grid.7450.6,2ebd80e1
grid.7450.6,f65beb21
grid.7450.6,f65beb21
not_in_grid,78d1b82c
grid.411984.1,78d1b82c
grid.411984.1,78d1b82c
NA,78d1b82c
grid.7450.6,6d8fa5dc
grid.7450.6,6d8fa5dc
grid.461771.2,6d8fa5dc
grid.418140.8,6d8fa5dc
grid.7450.6,f5a64bea
grid.7450.6,f5a64bea
grid.7450.6,87ae7535
grid.5801.c,87ae7535
grid.5398.7,87ae7535
grid.5342.0,87ae7535
NA,87ae7535
grid.7450.6,3111eacc
grid.411984.1,e1e25f75
grid.7450.6,e1e25f75
grid.411984.1,e1e25f75
grid.411984.1,8cd88776
NA,8cd88776
grid.419534.e,21ea23be
grid.7450.6,21ea23be
grid.9613.d,21ea23be
grid.424265.3,21ea23be
grid.424810.b,21ea23be
grid.6363.0,3f263dda
grid.6363.0,3f263dda
NA,3f263dda
grid.7450.6,3f263dda
grid.7450.6,3f263dda
grid.7450.6,3f263dda
grid.459389.a,3f263dda
grid.93544.3f,3f263dda
grid.7450.6,4d0e6f1c
grid.418928.e,4d0e6f1c
grid.7450.6,4d0e6f1c
grid.411984.1,4390efb1
grid.7450.6,4390efb1
grid.7450.6,4390efb1
grid.7450.6,4390efb1
grid.411984.1,c1b412df
grid.13648.38,c1b412df
grid.411984.1,c1b412df
NA,c1b412df
NA,c1b412df
grid.4488.0,c1b412df
grid.418140.8,ef41340c
grid.411984.1,ef41340c
grid.7450.6,1639f274
grid.7450.6,1639f274
grid.7450.6,8855a261
grid.9647.c,8855a261
grid.7450.6,8855a261
grid.411984.1,8855a261
grid.6363.0,8855a261
grid.5380.e,8f0c70b9
grid.7450.6,8f0c70b9
NA,8f0c70b9
grid.9647.c,8f0c70b9
grid.418140.8,8f0c70b9
grid.7450.6,7cb78d3e
grid.7450.6,7cb78d3e
grid.418928.e,7cb78d3e
grid.7450.6,447d789e
grid.7450.6,447d789e
grid.7450.6,68ed22a4
grid.411984.1,c0b18348
grid.411984.1,c0b18348
grid.411984.1,c0b18348
grid.411984.1,c0b18348
NA,c0b18348
grid.7450.6,e9133c40
grid.5398.7,e9133c40
grid.13992.30,cb5f5564
grid.7450.6,cb5f5564
grid.9619.7,7f7d9277
grid.7450.6,7f7d9277
grid.12136.37,7f7d9277
grid.7450.6,8cf87d58
grid.7450.6,8cf87d58
grid.411327.2,12a4290
grid.10388.32,12a4290
grid.1957.a,12a4290
grid.10992.33,12a4290
grid.418140.8,12a4290
grid.411984.1,659a3e1d
grid.7708.8,659a3e1d
grid.7445.2,659a3e1d
grid.7450.6,ad0c2ce1
grid.7450.6,ad0c2ce1
grid.418140.8,ad0c2ce1
grid.4830.f,ad0c2ce1
grid.419564.b,ad0c2ce1
grid.5963.9,ad0c2ce1
NA,b2405fb2
grid.8379.5,49983fbf
grid.13648.38,49983fbf
grid.13648.38,49983fbf
grid.7450.6,49983fbf
grid.7450.6,49983fbf
grid.13648.38,49983fbf
grid.266100.3,49983fbf
grid.13648.38,49983fbf
grid.13648.38,49983fbf
grid.13648.38,49983fbf
grid.5963.9,49983fbf
grid.6738.a,49983fbf
grid.7450.6,7147be23
grid.418140.8,7147be23
grid.22098.31,d490417d
grid.418140.8,d490417d
grid.7450.6,c4f41ef3
grid.5718.b,c4f41ef3
grid.418140.8,cd1ca343
grid.147455.6,cd1ca343
grid.453555.7,cd1ca343
grid.411227.3,cd1ca343
grid.7892.4,cd1ca343
grid.7892.4,cd1ca343
grid.418140.8,f775dfaf
grid.5252.0,f775dfaf
grid.4714.6,f775dfaf
grid.4714.6,f775dfaf
grid.6190.e,f775dfaf
grid.419498.9,f775dfaf
grid.6936.a,f775dfaf
NA,2dfda3cc
grid.411984.1,2dfda3cc
grid.7450.6,fb6c0cc3
NA,fb6c0cc3
grid.10251.37,fb6c0cc3
grid.5570.7,fb6c0cc3
grid.7497.d,61ba99a3
not_in_grid,61ba99a3
grid.434675.7,61ba99a3
grid.425397.e,61ba99a3
grid.7700.0,61ba99a3
grid.418140.8,61ba99a3
grid.418140.8,d83212c1
grid.418140.8,d83212c1
grid.266623.5,d83212c1
grid.9681.6,ad397944
grid.9681.6,ad397944
grid.418140.8,ad397944
grid.9681.6,ad397944
grid.7450.6,4321dbcd
grid.418140.8,4321dbcd
grid.7450.6,333f6c9e
grid.7450.6,333f6c9e
grid.7450.6,333f6c9e
grid.5963.9,333f6c9e
grid.5963.9,333f6c9e
grid.5335.0,5ef3147d
NA,5ef3147d
grid.419522.9,5ef3147d
grid.5173.0,5ef3147d
grid.7839.5,5ef3147d
grid.7839.5,5ef3147d
grid.22937.3d,5ef3147d
grid.5335.0,5ef3147d
NA,5ef3147d
grid.10420.37,5ef3147d
grid.7450.6,860269f2
grid.419522.9,43e1eb34
not_in_grid,43e1eb34
grid.419522.9,43e1eb34
grid.5718.b,beff8a17
grid.411781.a,beff8a17
grid.9613.d,beff8a17
grid.7450.6,beff8a17
not_in_grid,beff8a17
grid.7450.6,b3cf5e42
grid.5802.f,b3cf5e42
grid.5802.f,b3cf5e42
NA,b3cf5e42
grid.7450.6,5305afe
grid.4494.d,768ce751
grid.411984.1,768ce751
NA,768ce751
grid.434675.7,768ce751
grid.418140.8,768ce751
grid.7450.6,6f8fef26
grid.418140.8,6f8fef26
grid.9970.7,6f8fef26
grid.418140.8,8f32304d
grid.7497.d,8f32304d
grid.17063.33,8e141db7
grid.17063.33,8e141db7
grid.231844.8,8e141db7
grid.231844.8,8e141db7
grid.17063.33,8e141db7
grid.17063.33,8e141db7
grid.17063.33,8e141db7
grid.411984.1,8e141db7
NA,8e141db7
grid.430185.b,8e141db7
grid.231844.8,8e141db7
grid.17063.33,8e141db7
NA,8e141db7
grid.418140.8,2c0db5b2
grid.418140.8,a2271fd8
grid.7497.d,a2271fd8
grid.474782.a,4201aa41
NA,4201aa41
NA,4201aa41
grid.7450.6,a0860cc4
grid.418140.8,a0860cc4
grid.7450.6,a0860cc4
grid.7450.6,a0860cc4
grid.7450.6,a0860cc4
grid.424247.3,a22529e0
grid.424247.3,a22529e0
grid.411984.1,c9733326
grid.411984.1,c9733326
grid.411984.1,c9733326
grid.411984.1,c9733326
grid.7450.6,c9733326
grid.7450.6,c9733326
grid.46699.34,1b6a6706
grid.7450.6,1b6a6706
grid.418709.3,1b6a6706
grid.410442.7,1b6a6706
grid.410442.7,1b6a6706
grid.4991.5,1b6a6706
grid.7450.6,1b6a6706
NA,1b6a6706
grid.7839.5,1b6a6706
NA,1b6a6706
grid.418140.8,ea3399bf
grid.410607.4,906104aa
grid.7450.6,906104aa
grid.5132.5,906104aa
grid.7450.6,906104aa
grid.419522.9,ca2e30ab
grid.418140.8,ca2e30ab
grid.7450.6,5d76f1a3
grid.433867.d,5d76f1a3
grid.7700.0,5d76f1a3
grid.5718.b,5d76f1a3
grid.416164.0,5d76f1a3
grid.419757.9,5d76f1a3
grid.5718.b,5d76f1a3
grid.419595.5,5d76f1a3
grid.5802.f,5d76f1a3
grid.419594.4,5d76f1a3
grid.439045.f,5d76f1a3
not_in_grid,5d76f1a3
NA,5d76f1a3
grid.411941.8,5d76f1a3
grid.7450.6,3561bce5
grid.420089.7,3561bce5
NA,3561bce5
grid.471397.f,3561bce5
grid.7450.6,85b71e19
grid.7450.6,85b71e19
grid.419522.9,96bdffee
NA,96bdffee
grid.411775.1,96bdffee
grid.411984.1,96bdffee
grid.419522.9,96bdffee
grid.419522.9,96bdffee
grid.419522.9,96bdffee
NA,96bdffee
grid.411984.1,96bdffee
grid.150338.c,f243fe72
grid.410607.4,546c463b
grid.9647.c,546c463b
grid.11749.3a,546c463b
grid.6190.e,546c463b
grid.470125.5,546c463b
grid.7450.6,546c463b
grid.7450.6,546c463b
grid.411984.1,de801c8a
grid.424247.3,de801c8a
grid.411984.1,de801c8a
NA,de801c8a
grid.7450.6,e03c4424
grid.7683.a,e03c4424
grid.4514.4,e03c4424
grid.411327.2,1a809b76
NA,1a809b76
NA,1a809b76
grid.13339.3b,ff8213c4
grid.5718.b,ff8213c4
grid.13339.3b,ff8213c4
NA,ff8213c4
grid.6363.0,ff8213c4
grid.13276.31,ff8213c4
grid.7450.6,ff8213c4
grid.7450.6,9b1aa2bd
grid.418140.8,9b1aa2bd
grid.7450.6,9b1aa2bd
NA,9b1aa2bd
grid.7450.6,9b1aa2bd
grid.7450.6,ea9d062e
grid.7450.6,ea9d062e
grid.7307.3,ea9d062e
grid.452665.6,ea9d062e
grid.7683.a,ea9d062e
grid.4830.f,47b22f78
grid.418140.8,47b22f78
not_in_grid,47b22f78
grid.7450.6,bbb6c383
grid.418140.8,bbb6c383
grid.418140.8,bbb6c383
grid.7450.6,e2d7b59b
grid.418140.8,8652bcb9
grid.411984.1,bbaa28f9
grid.424247.3,bbaa28f9
grid.7450.6,11ed44a7
grid.411984.1,c04a0a7c
grid.411984.1,c04a0a7c
grid.411984.1,c04a0a7c
grid.6553.5,458a1c14
grid.7450.6,458a1c14
grid.7450.6,458a1c14
grid.418140.8,458a1c14
grid.13648.38,30d988fb
NA,30d988fb
grid.7450.6,30d988fb
grid.7450.6,30d988fb
NA,30d988fb
grid.5330.5,30d988fb
grid.13648.38,30d988fb
grid.13648.38,30d988fb
grid.5805.8,30d988fb
grid.4444.0,30d988fb
grid.5805.8,30d988fb
grid.419522.9,5fc8249b
grid.8756.c,5fc8249b
grid.7450.6,eca70552
grid.7839.5,eca70552
grid.418140.8,eca70552
grid.411984.1,eca70552
grid.418140.8,eca70552
grid.411984.1,a2c5c227
grid.411984.1,a2c5c227
grid.19188.39,125b31c8
grid.418140.8,125b31c8
grid.19188.39,125b31c8
grid.19188.39,125b31c8
grid.412094.a,125b31c8
grid.412094.a,125b31c8
grid.4494.d,f0ef0077
grid.4494.d,f0ef0077
grid.411984.1,9644ca3a
grid.452396.f,9644ca3a
grid.13648.38,9644ca3a
grid.452396.f,9644ca3a
grid.6363.0,9644ca3a
grid.5330.5,9644ca3a
grid.7450.6,9644ca3a
grid.7450.6,912193c4
grid.7683.a,912193c4
grid.434729.f,912193c4
NA,912193c4
grid.5570.7,912193c4
grid.5252.0,8081ca3d
grid.5252.0,8081ca3d
grid.7450.6,57fa2d58
grid.7450.6,57fa2d58
grid.6363.0,57fa2d58
grid.419491.0,57fa2d58
grid.452410.6,57fa2d58
grid.452410.6,57fa2d58
grid.459389.a,57fa2d58
NA,57fa2d58
grid.419522.9,d7b8d9aa
grid.7450.6,d19a531f
not_in_grid,d19a531f
grid.12284.3d,d19a531f
grid.7450.6,e88251a7
grid.7450.6,e88251a7
grid.7683.a,3b530c6b
grid.7892.4,3b530c6b
grid.7700.0,3b530c6b
grid.5477.1,3b530c6b
grid.7450.6,3b530c6b
NA,3b530c6b
grid.434729.f,3b530c6b
grid.7450.6,21fd2ac9
grid.6451.6,21fd2ac9
grid.7450.6,c3866398
grid.7450.6,c3866398
grid.7450.6,c3866398
grid.5570.7,c3866398
grid.7450.6,c3866398
grid.7727.5,572d15b
grid.5949.1,572d15b
grid.476513.2,572d15b
not_in_grid,572d15b
grid.9018.0,572d15b
grid.7450.6,572d15b
grid.7450.6,572d15b
grid.5949.1,572d15b
grid.418140.8,91dcaa7a
grid.419495.4,91dcaa7a
grid.10392.39,91dcaa7a
grid.7450.6,18856e13
grid.7497.d,18856e13
grid.5284.b,89036875
NA,89036875
grid.411414.5,89036875
grid.411414.5,89036875
grid.5342.0,89036875
grid.416370.7,89036875
grid.411984.1,89036875
grid.452179.c,89036875
grid.420468.c,89036875
grid.411984.1,89036875
grid.411984.1,89036875
grid.418140.8,e8222739
grid.418140.8,3c204267
grid.5252.0,70a06945
grid.5252.0,70a06945
grid.418140.8,70a06945
grid.412041.2,70a06945
grid.7429.8,70a06945
grid.4444.0,70a06945
grid.5252.0,70a06945
grid.411984.1,b084b94
grid.411984.1,b084b94
grid.411984.1,b084b94
NA,b084b94
grid.17635.36,369eb432
grid.26009.3d,369eb432
grid.38142.3c,369eb432
grid.38142.3c,369eb432
grid.168010.e,369eb432
grid.429952.1,369eb432
grid.414093.b,369eb432
grid.34477.33,369eb432
grid.34477.33,369eb432
grid.34477.33,369eb432
grid.168010.e,369eb432
grid.168010.e,369eb432
grid.168010.e,369eb432
grid.17063.33,369eb432
grid.168010.e,369eb432
grid.168010.e,369eb432
grid.168010.e,369eb432
grid.168010.e,369eb432
grid.168010.e,369eb432
grid.265892.2,369eb432
grid.7450.6,369eb432
NA,369eb432
grid.21729.3f,369eb432
grid.21729.3f,369eb432
grid.418140.8,c1761ce0
grid.7450.6,c1761ce0
grid.418140.8,87cdd053
grid.418140.8,9c42c2e7
grid.418140.8,44410187
grid.461771.2,44410187
grid.420732.0,44410187
grid.4567.0,44410187
grid.6936.a,44410187
grid.7450.6,44410187
grid.5801.c ,55614fa3
grid.418140.8,55614fa3
grid.424247.3,55614fa3
grid.7450.6,55614fa3
grid.5802.f,58eb7cfa
grid.5802.f,58eb7cfa
grid.7450.6,58eb7cfa
grid.452396.f,58eb7cfa
not_in_grid,58eb7cfa
grid.5802.f,58eb7cfa
grid.412899.f,f5ec0020
grid.41156.37,f5ec0020
grid.418140.8,f5ec0020
grid.418832.4,f5ec0020
grid.7450.6,5a27ca54
grid.5398.7,5a27ca54
grid.5342.0,5a27ca54
grid.7497.d,5a27ca54
grid.411668.c,5a27ca54
grid.7450.6,626a0b59
grid.7683.a,626a0b59
grid.4488.0,626a0b59
grid.5398.7,626a0b59
grid.9026.d,626a0b59
grid.434729.f,626a0b59
grid.5802.f,7b50e134
grid.7450.6,7b50e134
grid.7450.6,7b50e134
grid.418140.8,d96101eb
grid.46699.34,f049c409
grid.7450.6,f049c409
NA,f049c409
grid.418709.3,f049c409
grid.4991.5,f049c409
grid.410442.7,f049c409
grid.410442.7,f049c409
grid.7450.6,f049c409
grid.419522.9,3355960d
NA,3355960d
grid.470125.5,3355960d
grid.411760.5,3355960d
grid.7450.6,f4c45191
grid.8379.5,f4c45191
grid.419522.9,f4c45191
grid.411984.1,f4c45191
grid.7450.6,a187d270
grid.418140.8,a187d270
grid.7450.6,a187d270
grid.424247.3,a187d270
grid.31501.36,a187d270
NA,a187d270
grid.6363.0,d515a7ca
grid.6363.0,d515a7ca
grid.6363.0,d515a7ca
grid.7468.d,d515a7ca
grid.418140.8,d515a7ca
grid.8241.f,d515a7ca
grid.419522.9,45155fe2
NA,45155fe2
grid.5254.6,45155fe2
grid.5254.6,45155fe2
grid.11749.3a,45155fe2
grid.411984.1,636645f9
grid.411984.1,636645f9
grid.411984.1,636645f9
grid.410607.4,636645f9
grid.418140.8,c2f406dc
grid.266623.5,c2f406dc
grid.424247.3,ddc5f963
grid.5252.0,ddc5f963
grid.418140.8,ddc5f963
NA,ddc5f963
not_in_grid,ddc5f963
grid.411984.1,ddc5f963
grid.5252.0,ddc5f963
grid.411095.8,ddc5f963
grid.418140.8,104b7f3f
grid.415036.5,57c7aaf9
grid.418140.8,57c7aaf9
grid.418140.8,b7ada906
grid.428590.2,b7ada906
NA,b7ada906
grid.411984.1,30042c53
grid.5252.0,30042c53
grid.5802.f,254bfce
grid.5802.f,254bfce
grid.16008.3f,254bfce
grid.418041.8,254bfce
grid.10392.39,254bfce
grid.10392.39,254bfce
grid.419522.9,254bfce
grid.5802.f,254bfce
grid.5335.0,254bfce
grid.419522.9,254bfce
grid.5252.0,75b369e2
grid.5252.0,75b369e2
grid.7384.8,75b369e2
grid.418140.8,75b369e2
grid.411984.1,194e86d2
grid.411984.1,194e86d2
grid.411984.1,194e86d2
NA,194e86d2
grid.6884.2,194e86d2
grid.7692.a,194e86d2
grid.474690.8,194e86d2
grid.419514.c,194e86d2
grid.419522.9,194e86d2
grid.411941.8,194e86d2
grid.7445.2,194e86d2
grid.7445.2,194e86d2
grid.7450.6,c8abf97a
grid.419522.9,8d2811a7
grid.419522.9,8d2811a7
grid.7450.6,8d2811a7
grid.419522.9,8d2811a7
NA,8d2811a7
grid.7450.6,8d2811a7
grid.419522.9,8d2811a7
grid.5253.1,13c82c99
grid.264727.2,13c82c99
grid.412726.4,13c82c99
grid.7450.6,13c82c99
NA,13c82c99
grid.5330.5,13c82c99
grid.7700.0,13c82c99
NA,13c82c99
not_in_grid,13c82c99
grid.411984.1,64ac2a93
grid.411984.1,64ac2a93
grid.7450.6,64ac2a93
grid.419522.9,64ac2a93
grid.418140.8,64ac2a93
grid.7450.6,ef8d40b5
grid.7450.6,ef8d40b5
grid.7450.6,53597604
grid.418140.8,53597604
grid.7450.6,53597604
grid.5132.5,53597604
grid.5718.b,dfb70f40
not_in_grid,dfb70f40
grid.411781.a,dfb70f40
grid.7450.6,dfb70f40
grid.418140.8,7df1bfd7
grid.21925.3d,7df1bfd7
grid.418140.8,2ad006b6
grid.420214.1,2ad006b6
grid.7849.2,2ad006b6
grid.418140.8,4a828c5f
grid.5596.f,4a828c5f
grid.418140.8,a38e9e4b
grid.5380.e,a38e9e4b
grid.9647.c,a38e9e4b
grid.7700.0,a38e9e4b
grid.5719.a,a38e9e4b
grid.10858.34,a38e9e4b
grid.461802.9,a38e9e4b
grid.411984.1,3a028f65
NA,3a028f65
grid.94365.3d,3a028f65
grid.7450.6,48dcfd2a
grid.7450.6,48dcfd2a
NA,48dcfd2a
grid.418140.8,3f8e62dd
grid.7450.6,3f8e62dd
grid.33801.39,577d0b7d
grid.7450.6,577d0b7d
grid.5252.0,5f31f9c8
grid.5252.0,5f31f9c8
grid.6190.e,5f31f9c8
grid.418140.8,5f31f9c8
grid.419498.9,5f31f9c8
grid.11749.3a,8806afc5
grid.419522.9,8806afc5
grid.419522.9,8806afc5
grid.7450.6,10e11f05
grid.7450.6,cc7e9602
grid.418140.8,cc7e9602
grid.5771.4,cc7e9602
grid.418140.8,cc7e9602
grid.7450.6,36e76712
grid.5771.4,439a923
grid.418140.8,439a923
grid.7450.6,439a923
grid.7450.6,42736d4f
grid.7450.6,42736d4f
grid.7892.4,56e47e99
grid.7700.0,56e47e99
grid.5570.7,56e47e99
grid.419534.e,56e47e99
NA,56e47e99
grid.7450.6,56e47e99
grid.214572.7,56e47e99
grid.424356.2,56e47e99
grid.419522.9,8e4673f7
grid.411984.1,49abe648
grid.418928.e,49abe648
NA,49abe648
grid.7450.6,49abe648
grid.7450.6,49abe648
grid.7450.6,38662693
grid.7450.6,38662693
NA,38662693
grid.7450.6,ea6df707
grid.7450.6,ea6df707
grid.7450.6,ea6df707
grid.10253.35,ea6df707
grid.7450.6,ea6df707
grid.13648.38,ea6df707
NA,ea6df707
grid.7450.6,ea6df707
grid.7450.6,9da613b
NA,9da613b
grid.418140.8,9da613b
grid.411984.1,83b474b8
grid.7450.6,4b4d1f20
grid.411984.1,4b4d1f20
grid.7450.6,69d5cc9f
grid.7727.5,69d5cc9f
grid.4305.2,8286ed62
grid.418140.8,8286ed62
grid.8241.f,8286ed62
grid.8241.f,8286ed62
grid.411984.1,53a6c8d2
grid.7450.6,4b08739b
grid.7450.6,707b28f5
grid.9647.c,707b28f5
grid.7450.6,707b28f5
grid.5802.f,707b28f5
grid.10253.35,2dbed76
grid.7450.6,2dbed76
grid.7450.6,e41f2de3
grid.13829.31,e41f2de3
grid.5398.7,e41f2de3
grid.414703.5,e41f2de3
NA,3b26b4c8
grid.411984.1,3b26b4c8
grid.7450.6,2b27c40b
grid.5718.b,2b27c40b
grid.7450.6,ba509dec
grid.411984.1,60c5f961
NA,60c5f961
grid.419522.9,28765ac7
grid.8379.5,28765ac7
grid.419495.4,28765ac7
grid.419522.9,28765ac7
grid.419522.9,28765ac7
grid.411984.1,28765ac7
NA,28765ac7
grid.8379.5,28765ac7
grid.9764.c,28765ac7
grid.10423.34,28765ac7
grid.6936.a,28765ac7
grid.418140.8,28765ac7
NA,28765ac7
grid.411984.1,e04ff22
grid.5963.9,e04ff22
grid.5963.9,e04ff22
grid.418140.8,e04ff22
grid.7450.6,79bd6b14
grid.418140.8,79bd6b14
grid.7450.6,79bd6b14
grid.418140.8,79bd6b14
grid.7450.6,79bd6b14
grid.7450.6,79bd6b14
grid.411984.1,9c8929f3
grid.411984.1,9c8929f3
grid.410443.6,9c8929f3
NA,9c8929f3
grid.7445.2,9c8929f3
grid.418140.8,9c8929f3
grid.419491.0,9c8929f3
grid.5963.9,9c8929f3
grid.14095.39,b9c86412
grid.6363.0,b9c86412
NA,b9c86412
grid.14095.39,b9c86412
grid.418140.8,b9c86412
grid.11201.33,b9c86412
grid.5335.0,b9c86412
grid.5110.5,b9c86412
NA,1d29093f
grid.7345.5,1d29093f
grid.418140.8,1d29093f
grid.5252.0,70f3ed0c
grid.5252.0,70f3ed0c
grid.434675.7,70f3ed0c
grid.418095.1,70f3ed0c
grid.7445.2,70f3ed0c
grid.6572.6,70f3ed0c
grid.6572.6,70f3ed0c
not_in_grid,70f3ed0c
grid.419522.9,70f3ed0c
grid.7839.5,70f3ed0c
grid.7839.5,70f3ed0c
grid.418140.8,c224d187
grid.411984.1,1ea35d84
grid.410567.1,1ea35d84
grid.411984.1,1ea35d84
grid.418434.e,1ea35d84
NA,1ea35d84
grid.419522.9,f6cb5784
grid.411984.1,f6cb5784
grid.5330.5,f6cb5784
grid.6363.0,f6cb5784
grid.5596.f,f6cb5784
grid.6906.9,f6cb5784
grid.4305.2,f6cb5784
grid.5801.c,f6cb5784
grid.419522.9,98feabd2
grid.6936.a,98feabd2
grid.419522.9,98feabd2
NA,98feabd2
grid.7450.6,98feabd2
grid.5252.0,98feabd2
grid.5252.0,98feabd2
grid.266239.a,98feabd2
grid.6612.3,98feabd2
grid.411327.2,98feabd2
grid.424247.3,98feabd2
grid.5252.0,98feabd2
grid.418140.8,1c379180
grid.7450.6,1c379180
grid.418140.8,1c379180
grid.411984.1,1c379180
not_in_grid,1c379180
grid.411984.1,cf50abf2
grid.418140.8,cf50abf2
grid.419522.9,8791c2d8
grid.419522.9,a4c426af
grid.418140.8,a4c426af
grid.4991.5,a4c426af
grid.419537.d,a4c426af
grid.4991.5,a4c426af
grid.6936.a,a4c426af
grid.419491.0,14c6ec96
not_in_grid,14c6ec96
NA,14c6ec96
grid.418140.8,14c6ec96
NA,14c6ec96
grid.7450.6,d003ce39
grid.7450.6,d003ce39
grid.7450.6,bb0f1f0c
grid.418208.7,bb0f1f0c
grid.411097.a,bb0f1f0c
grid.37828.36,bb0f1f0c
grid.417929.0,db19c93c
grid.417960.d,db19c93c
grid.7450.6,db19c93c
grid.255178.c,91c56a09
grid.419522.9,91c56a09
grid.419505.c,91c56a09
grid.418140.8,91c56a09
grid.7450.6,2e60fa3f
grid.5718.b,2e60fa3f
grid.7450.6,2e60fa3f
grid.7450.6,2e60fa3f
grid.5570.7,2e60fa3f
grid.418227.a,2e60fa3f
grid.9764.c,2e60fa3f
grid.411941.8,2e60fa3f
grid.452396.f,2e60fa3f
NA,c081006b
grid.452396.f,c081006b
grid.10423.34,6dcff5cc
grid.7490.a,6dcff5cc
grid.7450.6,6dcff5cc
grid.9122.8,6dcff5cc
grid.9122.8,6dcff5cc
grid.10423.34,6dcff5cc
grid.5801.c ,6dcff5cc
grid.7450.6,a8f838f9
NA,a8f838f9
grid.5361.1,ee78fc08
grid.411095.8,ee78fc08
grid.418140.8,ee78fc08
NA,ee78fc08
grid.5252.0,ee78fc08
grid.7450.6,760e4cc4
grid.411984.1,760e4cc4
grid.411984.1,760e4cc4
grid.419522.9,760e4cc4
grid.7450.6,900fea81
grid.7450.6,900fea81
grid.7450.6,900fea81
grid.7450.6,900fea81
grid.411984.1,583fc6a2
grid.5155.4,583fc6a2
grid.418140.8,583fc6a2
grid.418140.8,40d65da0
grid.411984.1,433bf9a6
grid.7450.6,433bf9a6
grid.7450.6,433bf9a6
grid.7450.6,433bf9a6
grid.7450.6,fe67ef29
grid.5252.0,fe67ef29
grid.6582.9,fe67ef29
not_in_grid,fe67ef29
grid.264756.4,d2540c25
grid.55460.32,d2540c25
grid.55460.32,d2540c25
grid.264756.4,d2540c25
grid.419522.9,d2540c25
grid.10423.34,d2540c25
grid.411984.1,4cb7536c
NA,4cb7536c
grid.7450.6,bda87624
grid.6738.a,314df9f8
grid.418140.8,314df9f8
NA,314df9f8
grid.7450.6,314df9f8
grid.418140.8,314df9f8
grid.7450.6,314df9f8
grid.6738.a,314df9f8
grid.418140.8,5276d9cd
grid.418140.8,249bbbc0
grid.419522.9,4b18fb3a
NA,4b18fb3a
grid.9018.0,4b18fb3a
grid.412469.c,4b18fb3a
grid.424247.3,4b18fb3a
grid.419522.9,4b18fb3a
grid.424247.3,4b18fb3a
grid.8379.5,4b18fb3a
grid.412469.c,4b18fb3a
grid.412469.c,4b18fb3a
grid.5596.f,4b18fb3a
grid.5596.f,4b18fb3a
grid.6530.0,4b18fb3a
grid.7450.6,4b18fb3a
grid.5718.b,52c6d93
grid.411781.a,52c6d93
not_in_grid,52c6d93
grid.7450.6,52c6d93
grid.7384.8,289d664b
grid.254444.7,289d664b
grid.7450.6,289d664b
grid.7497.d,ac4c5b7d
grid.418140.8,ac4c5b7d
grid.411984.1,6d913c3a
grid.7700.0,6d913c3a
grid.411984.1,6d913c3a
NA,6d913c3a
grid.411984.1,872b3e75
grid.411984.1,872b3e75
grid.411941.8,872b3e75
grid.7450.6,302de105
grid.410413.3,302de105
grid.7450.6,302de105
grid.10392.39,8d145e6a
grid.9811.1,8d145e6a
grid.434675.7,8d145e6a
grid.418140.8,8d145e6a
NA,8d145e6a
grid.5252.0,b263466
grid.424247.3,b263466
grid.418140.8,b263466
grid.14095.39,99d441eb
grid.6363.0,99d441eb
grid.14095.39,99d441eb
grid.419564.b,99d441eb
grid.418140.8,99d441eb
grid.214458.e,99d441eb
grid.419522.9,d5d51e35
grid.411984.1,d5d51e35
grid.411327.2,d5d51e35
grid.411984.1,d5d51e35
grid.5802.f,d5d51e35
grid.411984.1,d5d51e35
grid.411984.1,a8dc1c52
NA,a8dc1c52
grid.418140.8,f4d6f7f9
grid.470125.5,f4d6f7f9
grid.7450.6,7192c3c2
grid.7489.2,7192c3c2
grid.7489.2,7192c3c2
grid.4818.5,7192c3c2
grid.411984.1,874304da
grid.424247.3,874304da
grid.411327.2,874304da
NA,874304da
grid.7450.6,f9e5483f
NA,f9e5483f
not_in_grid,f9e5483f
grid.413225.3,f9e5483f
NA,f9e5483f
NA,f9e5483f
grid.37828.36,f9e5483f
grid.7450.6,32b99b9a
grid.7450.6,32b99b9a
grid.7450.6,32b99b9a
grid.418209.6,32b99b9a
grid.6363.0,32b99b9a
grid.24516.34,8a87f09e
grid.257410.5,8a87f09e
grid.257410.5,8a87f09e
grid.411984.1,8a87f09e
NA,8a87f09e
grid.411984.1,a83e18b6
grid.411984.1,a83e18b6
grid.419522.9,6f5d6c39
grid.419522.9,6f5d6c39
NA,6f5d6c39
grid.418140.8,8f031349
grid.455089.5,8f031349
grid.411984.1,c09df343
grid.420105.2,c09df343
grid.5253.1,c09df343
NA,c09df343
grid.420105.2,c09df343
grid.418140.8,3ec02235
grid.411984.1,3ec02235
grid.7450.6,3ec02235
NA,21401dbe
grid.8515.9,21401dbe
grid.8515.9,21401dbe
grid.5333.6,21401dbe
grid.8591.5,21401dbe
grid.8515.9,21401dbe
grid.9851.5,21401dbe
grid.8515.9,21401dbe
grid.5611.3,21401dbe
grid.5333.6,21401dbe
NA,21401dbe
not_in_grid,21401dbe
grid.8515.9,21401dbe
grid.9122.8,d6201d20
grid.418140.8,d6201d20
NA,d6201d20
grid.419522.9,6ef7bf38
NA,6ef7bf38
grid.419522.9,6ef7bf38
grid.412970.9,6ef7bf38
grid.5330.5,6ef7bf38
grid.7450.6,8796102c
grid.411984.1,8796102c
NA,8796102c
grid.6936.a,8796102c
NA,8796102c
grid.7450.6,6544fd03
grid.11749.3a,6544fd03
grid.249967.7,181738b1
not_in_grid,181738b1
grid.418140.8,181738b1
grid.411984.1,2047257
grid.7450.6,2047257
grid.411984.1,2047257
grid.7450.6,2047257
grid.412891.7,2047257
NA,8742c5c
grid.7683.a,8742c5c
NA,8742c5c
NA,8742c5c
grid.470125.5,e828b92e
grid.470125.5,e828b92e
grid.411984.1,e828b92e
grid.7450.6,e828b92e
grid.7450.6,4d60b3db
grid.7450.6,4d60b3db
grid.7450.6,4d60b3db
grid.459389.a,4d60b3db
grid.4488.0,4d60b3db
NA,4d60b3db
grid.9970.7,3f18acce
grid.6553.5,3f18acce
grid.7450.6,3f18acce
grid.7450.6,3f18acce
grid.418140.8,3f18acce
grid.418140.8,efcd7431
grid.411984.1,efcd7431
NA,efcd7431
grid.411984.1,efcd7431
grid.411984.1,efcd7431
NA,efcd7431
grid.42475.30,8b0e1481
grid.7450.6,1527368c
grid.7450.6,60a50362
grid.418140.8,ddcc2c0d
grid.7450.6,ddcc2c0d
grid.411984.1,2aa9d73c
grid.39009.33,2aa9d73c
grid.418389.f,2aa9d73c
grid.419522.9,fd6e8cab
grid.7892.4,fd6e8cab
grid.7892.4,fd6e8cab
grid.7450.6,f73db828
grid.7450.6,f73db828
grid.7450.6,f73db828
grid.418140.8,f73db828
grid.7450.6,f91ef3c4
grid.7450.6,f91ef3c4
grid.7450.6,298675fd
grid.5802.f,298675fd
grid.5802.f,298675fd
grid.7450.6,fc6869d6
grid.7450.6,fc6869d6
grid.7450.6,fc6869d6
grid.1031.3,9dae2427
grid.418140.8,9dae2427
grid.1026.5,9dae2427
grid.7450.6,41069b8d
grid.14003.36,41069b8d
grid.257428.e,b4e2ac05
grid.261128.e,b4e2ac05
grid.419498.9,c838a432
grid.5252.0,c838a432
grid.5252.0,c838a432
grid.6190.e,c838a432
NA,66025f53
grid.418140.8,27e23c52
grid.418140.8,27e23c52
grid.7450.6,27e23c52
grid.411984.1,27e23c52
grid.411984.1,c8f4952c
grid.411984.1,c8f4952c
grid.411984.1,c8f4952c
grid.7450.6,ed8a7407
grid.7450.6,19fda980
grid.34980.36,6f9e27e6
grid.34980.36,6f9e27e6
grid.7450.6,6f9e27e6
grid.7450.6,6f9e27e6
grid.9531.e,6f9e27e6
grid.418140.8,dec4a06c
grid.7450.6,dec4a06c
grid.418140.8,dec4a06c
grid.418140.8,dec4a06c
grid.8385.6,dec4a06c
grid.411327.2,dec4a06c
grid.18919.38,dec4a06c
grid.32495.39,dec4a06c
grid.411984.1,a430e2ce
grid.411984.1,a430e2ce
grid.412970.9,a430e2ce
grid.411760.5,a430e2ce
grid.411984.1,ca27eb2f
grid.418140.8,ca27eb2f
grid.411984.1,ca27eb2f
grid.5252.0,ca27eb2f
grid.7450.6,ca27eb2f
NA,ca27eb2f
grid.5570.7,ca27eb2f
grid.419522.9,23d30885
grid.9764.c,23d30885
grid.418215.b,23d30885
grid.419522.9,23d30885
NA,23d30885
grid.470125.5,6e3ad01b
grid.418140.8,6e3ad01b
grid.452396.f,6e3ad01b
grid.7450.6,931b5d68
grid.7450.6,931b5d68
grid.7450.6,931b5d68
grid.7450.6,1064d5b1
grid.4563.4,1064d5b1
grid.7450.6,1064d5b1
grid.7450.6,1064d5b1
grid.11749.3a,1064d5b1
not_in_grid,e0aba68
grid.418140.8,e0aba68
grid.418140.8,773d1209
grid.438114.b,773d1209
grid.438114.b,773d1209
grid.7450.6,2800a4e7
grid.10253.35,2800a4e7
grid.5659.f,6e93b1a
grid.7450.6,6e93b1a
grid.419548.5,dc2e7ba9
grid.268433.8,dc2e7ba9
grid.419548.5,dc2e7ba9
grid.419548.5,dc2e7ba9
grid.4567.0,dc2e7ba9
grid.21107.35,dc2e7ba9
grid.419522.9,dc2e7ba9
grid.412468.d,c0ff2e23
grid.411984.1,c0ff2e23
not_in_grid,c0ff2e23
NA,c0ff2e23
grid.7450.6,61d2e87e
grid.411984.1,5d63d221
grid.411656.1,bce2109
grid.5216.0,bce2109
grid.7450.6,bce2109
grid.7450.6,bce2109
grid.7450.6,13a40673
grid.418140.8,13a40673
grid.7450.6,f6797b84
grid.411984.1,c77e2422
grid.419481.1,c77e2422
not_in_grid,c77e2422
grid.467607.4,c77e2422
grid.417570.0,c77e2422
not_in_grid,c77e2422
not_in_grid,c77e2422
grid.418301.f,c77e2422
NA,c77e2422
not_in_grid,c77e2422
grid.420061.1,c77e2422
grid.417815.e,c77e2422
grid.7450.6,5906e25a
grid.7450.6,5906e25a
grid.411941.8,5906e25a
grid.7450.6,5906e25a
grid.9764.c,5906e25a
grid.6936.a,56702355
grid.418140.8,56702355
grid.418140.8,64340169
grid.418140.8,64340169
grid.7450.6,64340169
grid.7548.e,64340169
grid.424247.3,64340169
grid.7450.6,64340169
grid.411984.1,91273ac6
grid.411984.1,91273ac6
grid.411984.1,91273ac6
grid.412970.9,91273ac6
grid.5253.1,91273ac6
grid.7450.6,fba34a81
grid.7450.6,fba34a81
grid.418928.e,fba34a81
grid.7450.6,fba34a81
NA,fba34a81
grid.419522.9,820c8966
NA,820c8966
grid.418928.e,820c8966
grid.470125.5,820c8966
NA,820c8966
grid.1957.a,820c8966
grid.1957.a,820c8966
grid.419522.9,820c8966
grid.419522.9,820c8966
grid.1957.a,820c8966
grid.7450.6,e22f200e
grid.7450.6,e22f200e
grid.7450.6,e22f200e
grid.418457.b,e22f200e
grid.411941.8,e22f200e
grid.452396.f,e22f200e
not_in_grid,ec61e917
grid.418140.8,ec61e917
grid.7700.0,621d65f0
grid.7497.d,621d65f0
grid.418140.8,621d65f0
grid.418095.1,621d65f0
grid.4491.8,621d65f0
NA,621d65f0
grid.213917.f,621d65f0
grid.7450.6,221e9466
grid.7450.6,cb90c508
grid.10423.34,cb90c508
grid.417306.7,501e5f1
grid.8404.8,501e5f1
grid.471390.8,501e5f1
grid.241116.1,501e5f1
grid.411984.1,501e5f1
grid.411984.1,501e5f1
NA,501e5f1
grid.7450.6,f396753a
grid.418140.8,81b6f38f
grid.424247.3,81b6f38f
grid.7450.6,81b6f38f
grid.6363.0,e9b8d66c
grid.6363.0,e9b8d66c
grid.6363.0,e9b8d66c
grid.7708.8,e9b8d66c
grid.418140.8,e9b8d66c
grid.419522.9,735c1575
grid.5802.f,735c1575
NA,735c1575
grid.410567.1,735c1575
grid.418140.8,5920f3c0
grid.266623.5,5920f3c0
grid.473715.3,5920f3c0
grid.419722.b,5920f3c0
grid.425902.8,5920f3c0
grid.418140.8,e5f3f706
grid.7345.5,e5f3f706
NA,e5f3f706
grid.7450.6,e5f3f706
grid.411984.1,e5f3f706
grid.411984.1,2c7c3b49
grid.411984.1,2c7c3b49
grid.7700.0,2c7c3b49
NA,2c7c3b49
grid.83440.3b,2c7c3b49
grid.7384.8,595701e7
grid.7450.6,595701e7
grid.9018.0,595701e7
grid.5333.6,da20b0b
grid.26999.3d,da20b0b
grid.418140.8,da20b0b
grid.418140.8,e2df9ea8
grid.266623.5,e2df9ea8
grid.411984.1,6f4d338a
grid.410607.4,6f4d338a
grid.410607.4,6f4d338a
grid.412468.d,b9a549d7
grid.411984.1,b9a549d7
not_in_grid,b9a549d7
not_in_grid,b9a549d7
grid.411984.1,bac1e523
grid.411984.1,bac1e523
grid.410607.4,bac1e523
grid.418140.8,93563fe8
grid.418615.f,93563fe8
grid.411984.1,4ca7b6e7
grid.411984.1,4ca7b6e7
grid.411941.8,4ca7b6e7
grid.5252.0,4ca7b6e7
NA,4ca7b6e7
not_in_grid,78157e38
grid.411984.1,78157e38
grid.411984.1,78157e38
grid.411984.1,78157e38
grid.7450.6,eac02e50
grid.418140.8,75a34c3f
grid.418140.8,75a34c3f
grid.7450.6,75a34c3f
grid.411984.1,75a34c3f
grid.418159.0,75a34c3f
grid.7450.6,8af4414d
grid.418140.8,8af4414d
grid.418140.8,8af4414d
grid.451388.3,8af4414d
grid.418140.8,8af4414d
grid.470125.5,8af4414d
grid.418140.8,8af4414d
grid.5330.5,c8b43a7c
grid.419522.9,c8b43a7c
grid.419522.9,c8b43a7c
grid.5949.1,3f38b9ac
grid.5949.1,3f38b9ac
grid.7450.6,3f38b9ac
NA,3f38b9ac
grid.411984.1,f260b67
grid.418140.8,f260b67
grid.7450.6,f7a16cfe
grid.116068.8,f7a16cfe
grid.133342.4,f7a16cfe
grid.12380.38,f7a16cfe
grid.5252.0,f7a16cfe
grid.5252.0,f7a16cfe
grid.5335.0,f7a16cfe
grid.418140.8,c4c80966
grid.5252.0,c4c80966
grid.5252.0,c4c80966
grid.419522.9,ba0d9774
grid.47100.32,ba0d9774
grid.410443.6,ba0d9774
grid.7450.6,ba0d9774
grid.47100.32,ba0d9774
grid.474782.a,e49eddb
grid.418140.8,e49eddb
NA,e49eddb
grid.7450.6,e1803303
grid.418140.8,e1803303
grid.7450.6,3d9b6da2
grid.418208.7,3d9b6da2
grid.411097.a,3d9b6da2
grid.469954.3,3d9b6da2
grid.5330.5,3d9b6da2
grid.37828.36,a60a2fb4
grid.7450.6,a60a2fb4
grid.418140.8,a6afecaa
grid.7450.6,5d6f3cac
grid.9647.c,5d6f3cac
grid.418140.8,5d6f3cac
not_in_grid,5d6f3cac
not_in_grid,5d6f3cac
grid.411984.1,5d6f3cac
grid.418140.8,5d6f3cac
grid.4280.e,5d6f3cac
grid.4280.e,5d6f3cac
grid.5252.0,5d6f3cac
grid.7450.6,c5f520e8
grid.7450.6,c5f520e8
grid.418140.8,c5f520e8
grid.411984.1,20dadb0d
grid.470125.5,20dadb0d
NA,20dadb0d
grid.10251.37,20dadb0d
grid.470125.5,20dadb0d
grid.411112.6,20dadb0d
grid.7450.6,5bad9953
grid.17788.31,5bad9953
grid.411984.1,63b8bdcf
grid.411984.1,63b8bdcf
grid.418140.8,63b8bdcf
grid.419522.9,63b8bdcf
grid.411984.1,9a9d50fc
grid.418140.8,9a9d50fc
grid.418140.8,9a9d50fc
grid.10548.38,9a9d50fc
grid.411984.1,9a9d50fc
grid.5252.0,9a9d50fc
grid.5963.9,9a9d50fc
grid.5963.9,9a9d50fc
grid.26999.3d,90ca51f1
grid.419082.6,90ca51f1
grid.418140.8,90ca51f1
grid.419082.6,90ca51f1
grid.7450.6,5eb39817
grid.418140.8,cd9095f3
grid.7450.6,cd9095f3
grid.411984.1,cd9095f3
grid.418140.8,cd9095f3
grid.18887.3e,127708fd
grid.18887.3e,127708fd
grid.4305.2,127708fd
grid.273335.3,127708fd
grid.21107.35,127708fd
grid.419522.9,127708fd
grid.4711.3,127708fd
grid.411984.1,e35ecf9f
not_in_grid,e35ecf9f
grid.7450.6,5f47b56e
grid.418140.8,94c25dba
grid.4444.0,e7fc640
grid.5805.8,e7fc640
grid.116068.8,e7fc640
grid.411081.d,e7fc640
grid.411984.1,e7fc640
grid.7450.6,ed1482db
grid.5949.1,ed1482db
grid.418140.8,ed1482db
grid.7450.6,ed1482db
grid.7450.6,ed1482db
grid.7839.5,ed1482db
grid.7450.6,ed1482db
grid.7450.6,6aad3622
grid.7450.6,61737646
grid.418140.8,86a5a13
grid.5252.0,86a5a13
grid.5252.0,86a5a13
grid.418140.8,5b2575a4
grid.7450.6,5b2575a4
grid.189747.4,5b2575a4
NA,5b2575a4
grid.7450.6,d631ff78
grid.420105.2,12194f52
grid.411984.1,12194f52
grid.7450.6,12194f52
grid.418140.8,12194f52
grid.7450.6,66f15b4b
grid.7450.6,66f15b4b
grid.5801.c,66f15b4b
grid.7450.6,d5ea6854
grid.418140.8,d5ea6854
grid.9619.7,be9a84bf
grid.7597.c,be9a84bf
not_in_grid,be9a84bf
grid.12136.37,be9a84bf
grid.412225.2,be9a84bf
grid.12136.37,be9a84bf
grid.419045.d,be9a84bf
not_in_grid,be9a84bf
grid.470125.5,be9a84bf
grid.416166.2,3093ef7d
NA,3093ef7d
grid.17091.3e,3093ef7d
grid.17091.3e,3093ef7d
grid.17091.3e,3093ef7d
grid.419522.9,3093ef7d
grid.418140.8,73459237
grid.7450.6,73459237
grid.411984.1,a62c2989
grid.7700.0,a62c2989
grid.411984.1,a62c2989
grid.10423.34,a62c2989
NA,a62c2989
grid.411030.7,c10b0b24
grid.7450.6,c10b0b24
grid.11135.37,c10b0b24
grid.11135.37,c10b0b24
grid.418140.8,838beafd
grid.418140.8,8142b580
grid.9619.7,a2653267
grid.9619.7,a2653267
grid.214572.7,a2653267
grid.214572.7,a2653267
NA,a2653267
grid.470125.5,a2653267
NA,a5e365
grid.9619.7,53f2ba1e
grid.9619.7,53f2ba1e
grid.7450.6,53f2ba1e
grid.418140.8,9c66ffdb
grid.470125.5,de956310
grid.7450.6,de956310
grid.411095.8,de956310
grid.7450.6,28ec22d2
grid.424048.e,28ec22d2
grid.7450.6,28ec22d2
grid.411984.1,a6d05136
grid.411984.1,a6d05136
grid.7450.6,a6d05136
grid.411984.1,a6d05136
grid.410712.1,79d93613
grid.7450.6,79d93613
grid.7450.6,fd91539
grid.7450.6,26fe3b9f
grid.5398.7,26fe3b9f
grid.419522.9,26fe3b9f
NA,26fe3b9f
grid.5718.b,1eefff53
grid.411781.a,1eefff53
grid.419656.9,1eefff53
grid.7450.6,1eefff53
grid.7450.6,e576b8db
grid.7450.6,3061179c
grid.7450.6,3061179c
NA,3061179c
grid.46699.34,3061179c
grid.4714.6,874527c5
grid.4714.6,874527c5
grid.421662.5,874527c5
grid.421662.5,874527c5
grid.7445.2,874527c5
grid.7445.2,874527c5
grid.7445.2,874527c5
grid.7450.6,874527c5
grid.418032.c,874527c5
grid.6363.0,874527c5
grid.6363.0,874527c5
grid.6363.0,874527c5
grid.6190.e,874527c5
grid.6190.e,874527c5
grid.6190.e,874527c5
NA,874527c5
grid.266100.3,874527c5
grid.7429.8,874527c5
grid.412041.2,874527c5
grid.8379.5,874527c5
grid.5570.7,874527c5
grid.7445.2,874527c5
grid.428397.3,874527c5
grid.410724.4,874527c5
grid.419491.0,874527c5
NA,874527c5
grid.4714.6,874527c5
grid.418140.8,21400c0d
grid.21925.3d,21400c0d
grid.418140.8,49e5c4c1
grid.5252.0,49e5c4c1
grid.5252.0,49e5c4c1
grid.411984.1,c064acd3
NA,c064acd3
grid.418140.8,f39f7581
grid.411984.1,f39f7581
grid.411984.1,f39f7581
grid.4444.0,cb51858f
grid.412041.2,cb51858f
grid.462202.0,cb51858f
grid.10992.33,cb51858f
grid.419954.4,cb51858f
grid.411984.1,cb51858f
NA,cb51858f
grid.418140.8,da131648
grid.411984.1,da131648
grid.419522.9,c9b6cfe1
grid.5252.0,2e3075d6
grid.5252.0,2e3075d6
grid.5252.0,2e3075d6
grid.418140.8,2e3075d6
NA,2e3075d6
grid.7450.6,e559d4d2
grid.5719.a,e559d4d2
grid.418140.8,be6f72d5
grid.418140.8,be6f72d5
grid.5771.4,be6f72d5
grid.411984.1,be6f72d5
grid.6738.a,be6f72d5
grid.7450.6,be6f72d5
grid.7450.6,be6f72d5
grid.411984.1,231ef58a
not_in_grid,231ef58a
grid.7450.6,ac98affd
NA,ac98affd
grid.37828.36,ac98affd
grid.419522.9,316d9ff6
grid.411984.1,316d9ff6
grid.5399.6,93c2cc4b
grid.411984.1,f854594d
grid.477349.a,f854594d
grid.411984.1,f854594d
grid.452396.f,f854594d
grid.6363.0,f854594d
grid.7450.6,8a7c7ace
grid.7450.6,e4477d71
grid.7450.6,e4477d71
grid.7450.6,e4477d71
grid.7450.6,e4477d71
grid.445003.6,e4477d71
grid.7683.a,e4477d71
grid.9026.d,e4477d71
grid.5398.7,e4477d71
grid.5342.0,e4477d71
grid.10423.34,76942eaf
grid.7450.6,76942eaf
NA,657242e5
grid.411984.1,262bbcff
grid.411941.8,262bbcff
grid.411984.1,262bbcff
grid.411984.1,262bbcff
grid.6363.0,e8da013b
grid.6363.0,e8da013b
grid.411984.1,e8da013b
grid.411984.1,e8da013b
grid.411984.1,e8da013b
grid.6363.0,e8da013b
grid.7450.6,9fdd7508
grid.418140.8,9fdd7508
grid.5333.6,561c3649
grid.5333.6,561c3649
grid.8515.9,561c3649
grid.9851.5,561c3649
grid.8515.9,561c3649
grid.8591.5,561c3649
grid.5333.6,561c3649
grid.5611.3,561c3649
grid.418140.8,561c3649
not_in_grid,561c3649
grid.8515.9,561c3649
grid.411984.1,a8e3c900
grid.7450.6,a8e3c900
grid.411984.1,a8e3c900
grid.413448.e,a8e3c900
grid.411984.1,a8e3c900
grid.424247.3,a8e3c900
grid.15781.3a,9910d85a
grid.452396.f,4b75db45
grid.411984.1,7ba00324
grid.418140.8,7ba00324
grid.7450.6,35a1884a
grid.7450.6,f0e33b21
grid.7450.6,f0e33b21
grid.7450.6,f0e33b21
grid.411984.1,3d21144f
NA,3d21144f
grid.411984.1,3d21144f
grid.411984.1,3d21144f
grid.418140.8,c88ac01e
grid.9681.6,c88ac01e
grid.9681.6,c88ac01e
grid.470125.5,2810f09c
grid.470125.5,2810f09c
grid.411984.1,60e3f680
grid.452396.f,60e3f680
grid.418140.8,c5b2a003
grid.411984.1,c5b2a003
grid.411984.1,b16d9d9
grid.7450.6,b16d9d9
grid.6190.e,b16d9d9
grid.7450.6,e3b6adc4
NA,cb72deb3
grid.411984.1,dc660240
grid.411984.1,dc660240
grid.7450.6,47f74056
grid.168010.e,1afa9970
grid.5600.3,1afa9970
grid.418140.8,1afa9970
grid.413104.3,1afa9970
grid.7708.8,1afa9970
grid.26790.3a,1afa9970
grid.477500.1,1afa9970
grid.25879.31,1afa9970
grid.418140.8,ec2500c8
grid.8385.6,ec2500c8
NA,ec2500c8
grid.418140.8,ec2500c8
grid.418140.8,ec2500c8
grid.418140.8,53e5660d
grid.8385.6,53e5660d
NA,53e5660d
grid.418140.8,53e5660d
grid.418140.8,53e5660d
grid.411937.9,39ad0154
grid.16753.36,39ad0154
grid.451012.3,39ad0154
grid.83440.3b,39ad0154
grid.6363.0,39ad0154
grid.46699.34,39ad0154
grid.150338.c,39ad0154
grid.26999.3d,39ad0154
grid.7692.a,39ad0154
grid.425196.d,39ad0154
grid.411984.1,39ad0154
grid.5012.6,39ad0154
grid.5808.5,39ad0154
grid.5570.7,39ad0154
grid.421662.5,39ad0154
grid.7445.2,39ad0154
grid.5379.8,39ad0154
grid.6324.3,39ad0154
grid.7122.6,39ad0154
grid.9851.5,39ad0154
grid.413861.9,39ad0154
grid.410443.6,39ad0154
grid.5608.b,39ad0154
grid.5608.b,39ad0154
grid.7605.4,39ad0154
grid.34477.33,39ad0154
grid.411414.5,39ad0154
grid.418101.d,39ad0154
grid.7692.a,39ad0154
grid.6190.e,39ad0154
grid.410706.4,39ad0154
grid.7450.6,a45e70f9
not_in_grid,a45e70f9
grid.411760.5,a45e70f9
grid.7450.6,1cc3a6c7
grid.7450.6,327fc68f
grid.5718.b,327fc68f
grid.5252.0,eede9873
grid.7450.6,75d21f02
grid.37828.36,f7d41647
grid.37828.36,f7d41647
grid.7450.6,f7d41647
not_in_grid,d76d4b02
grid.411327.2,4c6532a0
grid.8379.5,4c6532a0
grid.7450.6,4c6532a0
grid.7450.6,4efcac07
grid.7450.6,4efcac07
grid.7450.6,8e21ffe3
